product_code,category_id,category,brand,style,size,product_description,n_obs,n_stores,n_weeks,total_units,unique_prices,mean_price,std_price,promo_rate,price_cv,coverage_rate
1820000008,27,beer,BUDWEISER,UNKNOWN_STYLE,32 OZ,BUDWEISER BEER N.R.B,2434,18,151,12381.136,16,1.8575388,0.09708646,0.0,0.05226618,0.8059602649006623
1820000016,27,beer,BUDWEISER,UNKNOWN_STYLE,6/12 O,BUDWEISER BEER,3000,20,151,85595.49,38,1.7555599,0.07626301,0.0,0.04344085,0.9933774834437086
1820000018,27,beer,BUDWEISER,UNKNOWN_STYLE,6/16 O,BUDWEISER BEER,740,8,151,6722.8916,7,1.7322621,0.05539623,0.0,0.031979125,0.24503311258278146
1820000019,27,beer,MICHELOB,REGULAR,6/12 O,MICHELOB REGULAR BEE,127,2,94,466.3154,6,1.9785496,0.075813204,0.007874015748031496,0.038317565,0.04205298013245033
1820000051,27,beer,BUSCH,UNKNOWN_STYLE,6/12 O,BUSCH BEER,2515,19,151,21103.434,33,1.3500262,0.087898135,0.002783300198807157,0.06510846,0.8327814569536424
1820000106,27,beer,BUDWEISER,LIGHT,6/12 O,BUDWEISER LIGHT BEER,2763,20,151,25440.807,31,1.7561668,0.074293815,0.0,0.04230453,0.9149006622516557
1820000117,27,beer,BUDWEISER,LIGHT,32 OZ,BUDWEISER LIGHT BEER,619,10,151,1389.2462,3,1.8420823,0.0894571,0.0,0.048563033,0.20496688741721855
1820000126,27,beer,BUDWEISER,UNKNOWN_STYLE,40 OZ,BUDWEISER BEER N.R.B,122,3,111,396.28528,3,1.6078523,0.11550761,0.0,0.07183969,0.04039735099337748
1820000157,28,nonalcoholic_beer,ODOULS,NON_ALCOHOLIC,6/12 O,O'DOUL'S NON-ALCH CA,20,5,6,138.40411,1,1.8739,0.0,0.0,0.0,0.006622516556291391
1820000182,27,beer,MICHELOB,UNKNOWN_STYLE,6/12 O,MICHELOB DRY CANS,108,5,65,374.75574,3,1.9208648,0.06484909,0.0,0.03376036,0.03576158940397351
1820000188,27,beer,BUSCH,LIGHT,6/12 O,BUSCH LIGHT BEER,1656,18,151,8736.493,26,1.3460592,0.09115141,0.0036231884057971015,0.06771724,0.5483443708609271
1820000202,27,beer,BUDWEISER,UNKNOWN_STYLE,6/12 O,BUDWEISER DRY BEER,1333,18,151,5025.134,10,1.7428181,0.07114321,0.0,0.04082079,0.4413907284768212
1820000489,27,beer,BUDWEISER,ICE,6/12 O,"BUDWEISER ""ICE"" DRAF",52,10,9,217.18799,4,1.8601615,0.021118691,0.0,0.011353149,0.017218543046357615
1820000644,27,beer,BUDWEISER,ICE,12/12O,BUDWEISER ICE DRAFT,341,20,20,14500.493,38,1.5696229,0.21471865,0.5425219941348973,0.13679634,0.11291390728476822
1820000646,27,beer,BUDWEISER,ICE,6/12 O,"BUDWEISER ""ICE"" DRAF",166,19,13,1884.4253,7,1.7335343,0.16878112,0.3433734939759036,0.09736243,0.05496688741721854
1820000647,27,beer,BUDWEISER,ICE,12/12O,"BUDWEISER ""ICE"" DRAF",26,7,10,157.56776,2,1.7443693,0.1339982,0.07692307692307693,0.076817565,0.008609271523178808
1820000670,27,beer,MICHELOB,UNKNOWN_STYLE,6/12OZ,MICHELOB GOLDEN DRAF,728,20,55,7650.5537,27,1.8134254,0.18006217,0.20192307692307693,0.09929395,0.2410596026490066
1820000695,27,beer,MICHELOB,UNKNOWN_STYLE,12/12O,MICHELOB GOLDEN DRAF,1670,20,107,49880.844,35,1.6544372,0.17111464,0.18682634730538922,0.1034277,0.5529801324503312
1820000699,27,beer,MICHELOB,UNKNOWN_STYLE,12/12O,MICHELOB GOLDEN DRAF,1964,20,107,79950.734,44,1.6632317,0.16462332,0.1675152749490835,0.09897798,0.6503311258278146
1820000700,27,beer,MICHELOB,UNKNOWN_STYLE,6/12OZ,MICHELOB GOLDEN DRAF,35,4,14,268.29105,4,1.8033029,0.14346911,0.34285714285714286,0.07955907,0.011589403973509934
1820000701,27,beer,MICHELOB,UNKNOWN_STYLE,12/12O,MICHELOB GOLDEN DRAF,2,1,2,212.92941,2,1.37135,0.1161777,0.5,0.08471776,0.0006622516556291391
1820000759,27,beer,MICHELOB,DRAFT,6/12 O,MICHELOB GOLDEN DRFT,839,20,55,12852.419,34,1.8123529,0.1801816,0.18235995232419547,0.0994186,0.27781456953642386
1820000769,27,beer,BUDWEISER,LIGHT,12/12O,BUDWEISER LIGHT LONG,193,18,24,2674.3933,10,1.6105139,0.073896386,0.10362694300518134,0.04588373,0.06390728476821192
1820000770,27,beer,MICHELOB,UNKNOWN_STYLE,12/12O,MICHELOB DRY LONGNEC,388,17,102,3888.091,9,1.7633467,0.2215899,0.2422680412371134,0.1256644,0.12847682119205298
1820000771,27,beer,BUDWEISER,UNKNOWN_STYLE,12/12O,BUDWEISER BEER LONG,243,19,20,5476.5444,8,1.6217153,0.073163435,0.0823045267489712,0.045114845,0.0804635761589404
1820000773,27,beer,BUDWEISER,LIGHT,8/7OZ,BUDWEISER LIGHT BEER,48,2,42,117.584366,1,1.8054,0.0,0.0,0.0,0.015894039735099338
1820000774,27,beer,BUDWEISER,UNKNOWN_STYLE,8/7OZ,BUDWEISER BEER,468,11,142,1546.814,3,1.7890182,0.057014804,0.0,0.031869326,0.15496688741721854
1820000780,27,beer,BUDWEISER,UNKNOWN_STYLE,6/12 O,BUDWEISER DRY LONGNE,2148,20,151,15066.885,26,1.7157444,0.17683542,0.287243947858473,0.103066295,0.7112582781456953
1820000781,27,beer,BUDWEISER,UNKNOWN_STYLE,12/12O,BUDWEISER DRY BEER,1505,20,150,14070.375,18,1.6337991,0.12553759,0.16411960132890366,0.07683784,0.49834437086092714
1820000784,28,nonalcoholic_beer,ODOULS,NON_ALCOHOLIC,6/12 O,O'DOUL'S N/A LONGNEC,2955,20,151,86485.54,56,1.7353601,0.17476144,0.26192893401015227,0.10070615,0.9784768211920529
1820000800,27,beer,MICHELOB,UNKNOWN_STYLE,6/12 O,MICHELOB DRY LONGNEC,1375,20,112,9106.991,24,1.9152709,0.18203013,0.24436363636363637,0.095041454,0.4552980132450331
1820000801,27,beer,BUSCH,LIGHT,12/12O,BUSCH LIGHT BEER,1191,15,151,10505.9375,13,1.3112789,0.07049094,0.005037783375314861,0.053757396,0.39437086092715234
1820000814,27,beer,MICHELOB,UNKNOWN_STYLE,6/12 O,MICHELOB DRY LONGNEC,690,20,46,8828.054,26,1.7375221,0.17596564,0.2942028985507246,0.101273894,0.22847682119205298
1820000833,27,beer,BUDWEISER,LIGHT,6/12 O,BUDWEISER LIGHT LONG,2823,20,151,41208.23,53,1.737083,0.17298922,0.2575274530641162,0.09958605,0.9347682119205298
1820000834,27,beer,BUDWEISER,UNKNOWN_STYLE,6/12 O,BUDWEISER BEER LONG,2962,20,151,78768.98,71,1.7425612,0.17083184,0.24442943956785956,0.09803492,0.980794701986755
1820000869,27,beer,MICHELOB,UNKNOWN_STYLE,6/12 O,MICHELOB CLASSIC DAR,1673,20,151,10405.86,30,1.8351165,0.20141998,0.30185295875672447,0.10975869,0.5539735099337748
1820000877,27,beer,BUDWEISER,LIGHT,12/12O,BUDWEISER LIGHT NR,1754,20,147,28881.746,33,1.6676695,0.14399478,0.1379703534777651,0.08634491,0.580794701986755
1820000884,27,beer,MICHELOB,LIGHT,12/12O,MICHELOB LIGHT BEER,1292,20,150,19210.492,16,1.8295434,0.21045549,0.19272445820433437,0.115031704,0.4278145695364238
1820000885,27,beer,BUDWEISER,LIGHT,8/7OZ,BUDWEISER LIGHT BEER,12,1,12,49.683533,1,1.8054,0.0,0.0,0.0,0.003973509933774834
1820000891,27,beer,MICHELOB,REGULAR,12/12O,MICHELOB REGULAR BEE,2110,20,151,54088.33,28,1.8638328,0.18674694,0.13933649289099526,0.10019511,0.6986754966887417
1820000902,27,beer,BUDWEISER,LIGHT,6/12 O,BUDWEISER LIGHT BEER,125,5,89,568.5215,6,1.8367712,0.062423464,0.0,0.033985432,0.041390728476821195
1820000926,27,beer,BUDWEISER,UNKNOWN_STYLE,12/12O,BUDWEISER BEER N.R.B,2318,20,151,75419.6,59,1.6729995,0.13182084,0.11173425366695428,0.078793116,0.7675496688741722
1820000956,27,beer,MICHELOB,LIGHT,6/12 O,MICHELOB LIGHT BEER,2575,20,151,27851.168,43,1.8739872,0.19343062,0.24504854368932039,0.10321875,0.8526490066225165
1820000972,27,beer,BUDWEISER,UNKNOWN_STYLE,8/7OZ,BUDWEISER BEER,526,11,69,4221.444,4,1.7167782,0.0904715,0.0,0.052698422,0.1741721854304636
1820000987,27,beer,MICHELOB,REGULAR,6/12 O,MICHELOB REGULAR BEE,2954,20,151,73950.38,68,1.8888772,0.18768722,0.2207176709546378,0.09936444,0.9781456953642385
1820000988,27,beer,MICHELOB,REGULAR,6/7 O,MICHELOB REGULAR BEE,382,7,142,854.5566,2,2.722135,0.033243187,0.0,0.012212174,0.12649006622516556
1820000997,27,beer,BUDWEISER,UNKNOWN_STYLE,6/12 O,BUDWEISER BEER N.R.B,307,6,151,3579.3435,11,1.8206209,0.06529158,0.0,0.035862263,0.10165562913907285
1820011047,27,beer,BUDWEISER,UNKNOWN_STYLE,12/12O,BUDWEISER BEER,2957,20,151,126428.97,65,1.6580575,0.12403732,0.1373013189042949,0.07480882,0.9791390728476821
1820011168,27,beer,BUDWEISER,UNKNOWN_STYLE,24/12O,BUDWEISER BEER,3006,20,151,646990.25,126,1.3169069,0.081999265,0.458416500332668,0.06226656,0.9953642384105961
1820015168,27,beer,NATURAL,LIGHT,24/12O,NATURAL LIGHT,17,1,17,664.3398,8,0.9678706,0.09884068,0.0,0.10212179,0.005629139072847682
1820023920,27,beer,BUDWEISER,DRAFT,5.16GA,BUDWEISER DRAFT BALL,162,15,76,3789.3486,5,1.2556963,0.13780282,0.1419753086419753,0.10974216,0.05364238410596026
1820029167,27,beer,BUDWEISER,UNKNOWN_STYLE,24/12O,BUDWEISER DRY BEER,1918,20,151,47534.363,27,1.3081856,0.08031668,0.4754953076120959,0.061395478,0.6350993377483444
1820041047,27,beer,MICHELOB,REGULAR,12/12O,MICHELOB REGULAR BEE,47,1,47,438.63458,2,1.8512,0.023705587,0.0,0.012805524,0.015562913907284768
1820053047,27,beer,BUDWEISER,LIGHT,12/12O,BUDWEISER LIGHT BEER,2620,19,151,57354.668,36,1.6535982,0.124967076,0.1431297709923664,0.07557282,0.8675496688741722
1820053168,27,beer,BUDWEISER,LIGHT,24/12O,BUDWEISER LIGHT BEER,2943,20,151,244579.23,90,1.3164119,0.08243725,0.4709480122324159,0.06262269,0.9745033112582782
1820053178,27,beer,BUDWEISER,LIGHT,24/12O,BUDWEISER LIGHT BEER,46,1,46,672.857,4,1.334963,0.072354086,0.5652173913043478,0.05419932,0.015231788079470199
1820057920,27,beer,BUDWEISER,LIGHT,5.16GA,BUDWEISER LT DRAFT B,126,15,72,2793.1797,5,1.2570508,0.13715428,0.15873015873015872,0.10910799,0.041721854304635764
1820061047,27,beer,BUSCH,UNKNOWN_STYLE,12/12O,BUSCH BEER,2034,19,151,25210.842,25,1.3120508,0.06994267,0.00344149459193707,0.053307895,0.6735099337748345
1820061166,27,beer,BUSCH,UNKNOWN_STYLE,24/12O,BUSCH BEER,187,4,150,7895.423,9,0.9891909,0.06512028,0.3315508021390374,0.06583186,0.0619205298013245
1820061168,27,beer,BUSCH,UNKNOWN_STYLE,24/12O,BUSCH BEER,2820,20,151,211966.97,63,0.9890291,0.06805779,0.32092198581560283,0.06881273,0.9337748344370861
1820079047,28,nonalcoholic_beer,ODOULS,UNKNOWN_STYLE,12/12O,O'DOUL'S NON ALCOHOL,23,5,7,298.10117,1,1.6414001,0.0,0.0,0.0,0.0076158940397350995
1820079283,28,nonalcoholic_beer,ODOULS,NON_ALCOHOLIC,6/12 O,O'DOUL'S N/A LONGNEC,46,16,33,368.3679,5,1.5645934,0.19040748,0.6739130434782609,0.12169774,0.015231788079470199
1820086167,27,beer,BUSCH,LIGHT,24/12O,BUSCH LIGHT BEER,2607,20,151,112494.87,32,0.9879917,0.06865662,0.32681242807825084,0.069491096,0.8632450331125828
1820087167,27,beer,BUDWEISER,ICE,24/12O,BUD ICE,173,20,13,4258.5884,6,1.328859,0.06952332,0.6416184971098265,0.05231806,0.05728476821192053
1820092867,27,beer,MICHELOB,UNKNOWN_STYLE,24/12O,MICHELOB GOLDEN DRAF,2006,20,107,140840.03,59,1.3279533,0.08201096,0.4995014955134596,0.06175741,0.6642384105960265
1820096867,27,beer,MICHELOB,UNKNOWN_STYLE,24/12O,MICHELOB GOLDEN DRAF,1849,20,106,95520.13,46,1.3249749,0.08250982,0.5083829096809086,0.062272746,0.6122516556291391
1969380011,26,imported_beer,GUINNESS,STOUT,8/12 O,GUINESS STOUT GIFT B,18,6,9,215.76848,1,3.5188,0.0,0.0,0.0,0.005960264900662252
1975120104,26,imported_beer,MORETTI_R,UNKNOWN_STYLE,6/12 O,MORETTI N.R. BTLS,30,8,16,91.55964,2,3.1591067,0.30774662,0.43333333333333335,0.09741571,0.009933774834437087
2129697503,28,nonalcoholic_beer,ST_REGIS,UNKNOWN_STYLE,750 ML,ST REGIS NON-ALCHL C,385,17,99,714.75,8,8.447876,1.0750893,0.11428571428571428,0.12726149,0.12748344370860928
2129697506,28,nonalcoholic_beer,ST_REGIS,NON_ALCOHOLIC,750 ML,ST REGIS NON-ALCH WH,274,16,104,281.25,5,7.8272266,0.42165536,0.09124087591240876,0.05387034,0.09072847682119205
2129697507,28,nonalcoholic_beer,ST_REGIS,NON_ALCOHOLIC,750 ML,ST REGIS NON-ALCH CH,224,15,100,228.0,5,7.7346034,0.5203887,0.16964285714285715,0.0672806,0.07417218543046358
2129697508,28,nonalcoholic_beer,ST_REGIS,UNKNOWN_STYLE,750 ML,ST REGIS NON-ALCHL C,271,15,101,261.0,4,7.8282666,0.43331906,0.12177121771217712,0.05535313,0.08973509933774834
2210000047,27,beer,PABST,LIGHT,6/12 O,PABST LIGHT BEER,64,1,64,246.99811,2,1.365514,0.023624673,0.0,0.017300937,0.02119205298013245
2210000071,27,beer,PABST,UNKNOWN_STYLE,6/12 O,PABST BEER,251,4,137,1371.2654,4,1.368594,0.02814316,0.00796812749003984,0.020563556,0.08311258278145696
2210000170,27,beer,PABST,UNKNOWN_STYLE,12/12O,PABST BEER,1,1,1,21.29294,1,1.3361,,0.0,,0.00033112582781456954
2210000171,27,beer,PABST,UNKNOWN_STYLE,24/12O,PABST BLUE RIBBON,24,1,24,528.06494,1,0.93810004,0.0,0.0,0.0,0.007947019867549669
2210000600,27,beer,HAMMS,UNKNOWN_STYLE,6/12 O,HAMMS BEER,288,5,138,1682.1423,3,1.3507886,0.019586459,0.0,0.014500018,0.09536423841059603
2210000640,27,beer,HAMMS,DRAFT,6/12 O,HAMMS DRAFT BEER,36,2,36,110.72329,2,1.3298833,0.032900035,0.0,0.024739038,0.011920529801324504
2210014392,27,beer,OLD_ENGLISH,UNKNOWN_STYLE,40 OZ,OLD ENGLISH BEER 800,149,4,105,1045.72,1,1.3441,0.0,0.0,0.0,0.04933774834437086
2210018500,27,beer,HAMMS,UNKNOWN_STYLE,12/12O,HAMMS BEER,21,9,20,102.20611,2,1.3159572,0.015384365,0.0,0.011690627,0.00695364238410596
2210018510,27,beer,HAMMS,UNKNOWN_STYLE,24/12O,HAMMS BEER,1502,20,151,40286.246,12,0.92908007,0.05176189,0.10252996005326231,0.055713058,0.49735099337748345
2210018580,27,beer,HAMMS,DRAFT,24/12O,HAMMS DRAFT BEER,1299,19,151,29690.877,14,0.92679924,0.05070341,0.09545804464973057,0.054708082,0.43013245033112585
2210021500,27,beer,HAMMS,LIGHT,12/12O,HAMMS LIGHT BEER,3,2,3,21.292942,1,1.3126,0.0,0.0,0.0,0.0009933774834437086
2210021510,27,beer,HAMMS,LIGHT,24/12O,HAMMS LIGHT BEER,898,17,151,15910.086,8,0.9254161,0.05504382,0.12249443207126949,0.059480075,0.29735099337748344
245006405,28,nonalcoholic_beer,TOSELLI,UNKNOWN_STYLE,750 ML,TOSELLI NON-ALCOHOLI,2,1,2,9.75,1,7.9867,0.0,0.0,0.0,0.0006622516556291391
307,26,imported_beer,HEINEKEN,UNKNOWN_STYLE,259 OZ,HEINEKEN KINGSIZE CA,2,2,2,1.531908,1,4.0081,0.0,0.0,0.0,0.0006622516556291391
3410000004,27,beer,MILLER,UNKNOWN_STYLE,6/12 O,MILLER HIGH LIFE BEE,2514,20,151,19406.387,27,1.7548828,0.07532619,0.0027844073190135244,0.04292377,0.8324503311258278
3410000007,27,beer,MILLER,UNKNOWN_STYLE,6/16 O,MILLER HIGH LIFE BEE,281,6,140,1135.6237,2,1.7320273,0.054403584,0.0,0.03141035,0.09304635761589404
3410000008,27,beer,MILLER,UNKNOWN_STYLE,32 OZ,MILLER HIGH LIFE N.R,585,9,143,2103.7427,8,1.8681601,0.19183804,0.0,0.10268822,0.19370860927152317
3410000031,27,beer,MILLER,UNKNOWN_STYLE,32 OZ,MILLER HIGH LIFE N.R,2214,18,151,10498.84,15,1.8949534,0.14308004,0.0,0.07550584,0.733112582781457
3410000091,27,beer,MAGNUM_MALT,MALT_BEVERAGE,40 OZ,MAGNUM MALT LIQUOR,38,1,38,790.2047,5,0.92097896,0.13891573,0.0,0.15083486,0.012582781456953643
3410000104,27,beer,MEISTER_BRAU,UNKNOWN_STYLE,6/12 O,MEISTER BRAU BEER,1980,16,151,36800.59,19,1.0614111,0.13884129,0.0,0.1308082,0.6556291390728477
3410000154,27,beer,MILWAUKEES_BEST,UNKNOWN_STYLE,6/12 O,MILWAUKEE'S BEST BEE,2486,19,151,43324.746,46,1.1183939,0.1234438,0.004022526146419952,0.110375956,0.8231788079470199
3410000304,28,nonalcoholic_beer,MILLER,NON_ALCOHOLIC,6/12OZ,MILLER SHARP'S N/A C,15,6,4,195.89507,3,1.7887334,0.22545375,0.0,0.12604101,0.004966887417218543
3410000354,27,beer,MILLER,LIGHT,6/12 O,MILLER LITE BEER,3014,20,151,114251.54,57,1.7574285,0.079073355,0.0036496350364963502,0.04499378,0.9980132450331126
3410000357,27,beer,MILLER,LIGHT,6/16 O,MILLER LITE BEER,691,11,151,6904.5913,7,1.7383054,0.050411563,0.0,0.029000405,0.22880794701986754
3410000358,27,beer,MILLER,LIGHT,32 OZ,MILLER LITE BEER N.R,652,8,140,2387.6487,7,1.9066142,0.12901008,0.0,0.06766449,0.21589403973509932
3410000382,27,beer,MILLER,LIGHT,32 OZ,MILLER LITE BEER N.R,2497,18,151,13369.129,16,1.9157319,0.11629888,0.0,0.060707282,0.8268211920529801
3410000554,27,beer,MILLER,DRAFT,6/12 O,MILLER GENUINE DRAFT,2971,20,151,60056.742,40,1.7578526,0.07585755,0.002019522046449007,0.043153536,0.9837748344370861
3410000581,27,beer,MILLER,DRAFT,32 OZ,MILLER GENUINE DRAFT,572,13,54,4171.524,17,1.9688858,0.07122221,0.0,0.036173865,0.18940397350993377
3410000654,27,beer,MILWAUKEES_BEST,UNKNOWN_STYLE,6/12 O,MILWAUKEE'S BEST LIG,2264,19,151,23047.48,38,1.118618,0.12382781,0.003975265017667844,0.110697135,0.7496688741721854
3410000904,27,beer,MILLER,DRAFT,6/12 O,MILLER GENUINE DRAFT,2770,20,151,24548.633,33,1.7577006,0.0765344,0.0,0.04354234,0.9172185430463576
3410001225,27,beer,MILLER,UNKNOWN_STYLE,6/12 O,MILLER HIGH LIFE N.R,9,6,8,55.361645,6,1.4877,0.16060555,0.4444444444444444,0.107955605,0.002980132450331126
3410001306,27,beer,MILLER,UNKNOWN_STYLE,24/12O,MILLER HIGH LIFE BEE,2362,20,151,170224.3,56,1.3133625,0.081168585,0.45808636748518206,0.06180212,0.7821192052980133
3410001341,27,beer,MILLER,UNKNOWN_STYLE,30/12O,MILLER HIGH LIFE PAR,783,20,45,116632.086,53,1.0339284,0.07071817,0.6143039591315453,0.06839755,0.25927152317880797
3410001505,27,beer,MILLER,UNKNOWN_STYLE,6/12 O,MILLER HIGH LIFE LNN,2743,20,151,59720.312,51,1.6976427,0.18919916,0.33467006926722564,0.11144817,0.9082781456953642
3410001518,27,beer,MILLER,REGULAR,8/7OZ,MILLER REG BEER,2,1,2,18.217295,1,1.8054,0.0,0.0,0.0,0.0006622516556291391
3410001525,27,beer,MILLER,UNKNOWN_STYLE,6/12 O,MILLER HIGH LIFE N.R,2412,20,151,37296.715,38,1.7162541,0.1586913,0.21807628524046435,0.092463754,0.7986754966887417
3410001528,27,beer,MILLER,UNKNOWN_STYLE,12/12O,MILLER HIGH LIFE N.R,2417,20,151,59905.562,42,1.6046454,0.1649267,0.2759619362846504,0.102780774,0.8003311258278145
3410001579,27,beer,MILLER,UNKNOWN_STYLE,6/7 O,MILLER HIGH LIFE NR,1602,19,151,5405.5674,7,2.3270066,0.14197901,0.033083645443196,0.061013583,0.5304635761589404
3410001602,27,beer,MILLER,UNKNOWN_STYLE,12/12O,MILLER HIGH LIFE BEE,2382,20,151,45183.62,60,1.5994757,0.16183865,0.28295549958018473,0.10118231,0.7887417218543047
3410007306,27,beer,MILWAUKEES_BEST,UNKNOWN_STYLE,24/12O,MILWAUKEE'S BEST LIG,2244,20,151,74491.23,30,0.90349424,0.062048182,0.3404634581105169,0.06867579,0.743046357615894
3410007602,27,beer,MILWAUKEES_BEST,UNKNOWN_STYLE,12/12O,MILWAUKEE'S BEST LIG,1654,16,151,19951.486,15,1.0177907,0.054805666,0.0,0.053847678,0.547682119205298
3410010505,28,nonalcoholic_beer,MILLER,NON_ALCOHOLIC,6/12OZ,MILLER SHARP'S N/A L,2991,20,151,99240.01,55,1.7144903,0.1778503,0.32196589769307926,0.10373363,0.9903973509933774
3410010602,28,nonalcoholic_beer,SHARPS,NON_ALCOHOLIC,12/12O,SHARPS NON-ALCOHOLIC,14,2,12,212.92941,3,1.6212785,0.12987667,0.21428571428571427,0.08010756,0.004635761589403974
3410015304,27,beer,MILLER,DRAFT,6/12 O,MILLER GENUINE DRAFT,1,1,1,2.129294,1,1.7799,,0.0,,0.00033112582781456954
3410015306,27,beer,MILLER,DRAFT,24/12O,MILLER GENUINE DRFT,3000,20,151,524189.62,97,1.3090962,0.08266155,0.49066666666666664,0.06314398,0.9933774834437086
3410015505,27,beer,MILLER,LIGHT,6/12 O,MILLER GEN DRFT LT L,2967,20,151,111839.05,73,1.711945,0.1878584,0.30940343781597573,0.109733894,0.9824503311258278
3410015525,27,beer,MILLER,DRAFT,6/12 O,MILLER GENUINE DRFT,2715,20,151,53217.45,45,1.729862,0.15343997,0.1871086556169429,0.0887007,0.8990066225165563
3410015528,27,beer,MILLER,DRAFT,12/12O,MILLER GENUINE DRFT,2652,20,151,121893.57,58,1.6151394,0.16249998,0.25301659125188536,0.1006105,0.8781456953642384
3410015579,27,beer,MILLER,LIGHT,6/7 O,MILLER GEN DRFT LT L,1472,20,151,5970.718,9,2.34356,0.1394777,0.03192934782608696,0.059515312,0.48741721854304637
3410015602,27,beer,MILLER,DRAFT,12/12O,MILLER GENUINE DRAFT,2857,20,151,105544.85,79,1.6171107,0.15775438,0.24116205810290514,0.09755323,0.9460264900662252
3410016505,27,beer,MILLER,LIGHT,6/12 O,MILLER RESERVE LT LN,945,20,104,5527.6475,13,1.8733188,0.20370021,0.3851851851851852,0.10873761,0.3129139072847682
3410017306,27,beer,MILLER,DRAFT,24/12O,MILLER GENUINE DRAFT,3012,20,151,1028176.5,103,1.3092123,0.0824604,0.4843957503320053,0.06298474,0.9973509933774835
3410017505,27,beer,MILLER,DRAFT,6/12 O,MILLER GEN DRFT LNNR,3012,20,151,242564.92,75,1.7107573,0.18900934,0.31274900398406374,0.11048285,0.9973509933774835
3410017525,27,beer,MILLER,DRAFT,6/12 O,MILLER GENUINE DRAFT,2919,20,151,108781.375,48,1.7324643,0.15119529,0.1856800274066461,0.0872718,0.9665562913907285
3410017528,27,beer,MILLER,DRAFT,12/12O,MILLER GENUINE DRAFT,2983,20,151,287884.8,83,1.6192642,0.15723224,0.23198122695273216,0.09710104,0.9877483443708609
3410017579,27,beer,MILLER,DRAFT,6/7 O,MILLER GENUINE DRAFT,2430,20,151,11950.131,11,2.3429193,0.1295853,0.030864197530864196,0.05530933,0.804635761589404
3410017602,27,beer,MILLER,DRAFT,12/12O,MILLER GENUINE DRAFT,2982,20,151,189081.31,97,1.6215922,0.15623999,0.24010731052984574,0.09634974,0.9874172185430463
3410021505,27,beer,LOWENBRAU,UNKNOWN_STYLE,6/12 O,LOWENBRAU BEER NR BT,2898,20,151,72545.055,58,1.8556547,0.19123815,0.32160110420979987,0.10305697,0.9596026490066225
3410021525,27,beer,LOWENBRAU,UNKNOWN_STYLE,6/12 O,LOWENBRAU BEER NR BT,1,1,1,2.129294,1,2.0148,,0.0,,0.00033112582781456954
3410021528,27,beer,LOWENBRAU,UNKNOWN_STYLE,12/12O,LOWENBRAU SPECIAL NR,1065,15,151,13295.3125,20,1.9356887,0.07553262,0.0,0.03902106,0.3526490066225166
3410021579,27,beer,LOWENBRAU,UNKNOWN_STYLE,6/7 O,LOWENBRAU BEER,1104,16,121,4332.4033,7,2.405647,0.043248948,0.0,0.017978095,0.3655629139072848
3410022505,27,beer,LOWENBRAU,DARK,6/12 O,LOWENBRAU DARK BEER,2090,20,151,15179.737,20,1.8129064,0.19601454,0.40669856459330145,0.10812171,0.6920529801324503
3410023505,27,beer,LOWENBRAU,LIGHT,6/12 O,LOWENBRAU LIGHT NR B,1902,20,149,14049.082,15,1.7986981,0.19383842,0.42323869610935855,0.10776596,0.6298013245033113
3410029306,27,beer,MEISTER_BRAU,UNKNOWN_STYLE,24/12O,MEISTER BRAU BEER,1858,20,151,62916.383,27,0.91319084,0.06234134,0.25995694294940797,0.06826759,0.6152317880794702
3410029602,27,beer,MEISTER_BRAU,UNKNOWN_STYLE,12/12O,MEISTER BRAU BEER,1140,11,151,28115.2,9,0.9915964,0.06601056,0.0,0.066569984,0.37748344370860926
3410031306,27,beer,MILWAUKEES_BEST,UNKNOWN_STYLE,24/12O,MILWAUKEE'S BEST BEE,2414,20,151,118967.92,42,0.9042266,0.06211863,0.3363711681855841,0.06869808,0.7993377483443709
3410031602,27,beer,MILWAUKEES_BEST,UNKNOWN_STYLE,12/12O,MILWAUKEE'S BEST BEE,2310,19,151,44872.746,22,1.0195183,0.05501314,0.0,0.053959936,0.7649006622516556
3410032505,27,beer,MILLER,UNKNOWN_STYLE,6/12 O,MILLER RESERVE LNNR,1519,20,109,12437.207,22,1.9263239,0.2327047,0.3377221856484529,0.12080248,0.5029801324503311
3410050306,27,beer,LEINENKUGEL,REGULAR,24/12O,LEINENKUGEL PREM REG,22,1,22,417.34164,1,1.4077,0.0,0.0,0.0,0.00728476821192053
3410050505,27,beer,LEINENKUGEL,REGULAR,6/12 O,LEINENKUGEL PREM REG,2410,19,151,31783.973,48,1.7996802,0.16777813,0.13858921161825727,0.093226634,0.7980132450331126
3410050525,27,beer,LEINENKUGEL,REGULAR,6/12 O,LEINENKUGEL PREM REG,295,8,148,3317.4402,16,1.7989113,0.15716499,0.09830508474576272,0.08736672,0.09768211920529801
3410051505,27,beer,LEINENKUGEL,UNKNOWN_STYLE,6/12 O,LEINNKGL LNGNCK PRM,1489,19,151,8683.262,21,1.8011825,0.16634573,0.145063801208865,0.09235362,0.49304635761589405
3410052505,27,beer,LEINENKUGEL,UNKNOWN_STYLE,6/12 O,LEINENKUGEL LIMITED,1083,19,138,9945.933,31,2.0247676,0.28726402,0.12096029547553093,0.14187506,0.3586092715231788
3410053505,26,imported_beer,LEINENKUGEL,BOCK,6/12 O,LEINENKUGEL BOCK BEE,324,18,81,5103.918,18,2.0260859,0.27014926,0.043209876543209874,0.13333555,0.10728476821192053
3410054574,27,beer,LEINENKUGEL,UNKNOWN_STYLE,12/12O,LEINENKUGEL 125TH AN,69,13,20,719.7014,4,3.2781246,0.036478914,0.0,0.011127983,0.0228476821192053
3410057306,27,beer,MILLER,LIGHT,24/12O,MILLER LITE BEER,3013,20,151,1711347.8,109,1.3091527,0.08254857,0.49352804513773646,0.063054964,0.997682119205298
3410057505,27,beer,MILLER,LIGHT,6/12 O,MILLER LITE LONGNECK,3010,20,151,189982.02,77,1.713486,0.18747264,0.31196013289036545,0.109410085,0.9966887417218543
3410057525,27,beer,MILLER,LIGHT,6/12 O,MILLER LITE BEER N.R,2890,20,151,93829.48,52,1.7323185,0.15197648,0.185121107266436,0.0877301,0.956953642384106
3410057528,27,beer,MILLER,LIGHT,12/12O,MILLER LITE BEER N.R,2961,20,151,237267.25,85,1.6187071,0.15697049,0.23741979061127996,0.096972756,0.9804635761589404
3410057579,27,beer,MILLER,LIGHT,6/7 O,MILLER LITE NR BTLS,2473,20,151,10726.674,9,2.3414297,0.13129029,0.029114435907804288,0.0560727,0.8188741721854305
3410057602,27,beer,MILLER,LIGHT,12/12O,MILLER LITE BEER,3006,20,151,311537.03,110,1.6227856,0.1556328,0.22721224218230207,0.095904715,0.9953642384105961
3410059505,27,beer,LEINENKUGEL,UNKNOWN_STYLE,6/12 O,LEINENKUGEL RED LAGE,352,20,25,2893.7107,14,2.526951,0.21766423,0.23579545454545456,0.08613709,0.11655629139072848
3410062306,27,beer,MILLER,UNKNOWN_STYLE,24/12O,MILLER ICEHOUSE CANS,23,18,2,775.06305,2,1.2928522,0.012239789,0.9565217391304348,0.009467277,0.0076158940397350995
3410062505,27,beer,MILLER,UNKNOWN_STYLE,6/12OZ,MILLER ICEHOUSE LN,394,20,20,17605.004,20,1.7961401,0.14968324,0.2131979695431472,0.08333606,0.1304635761589404
3410062528,27,beer,MILLER,UNKNOWN_STYLE,12/12O,MILLER ICEHOUSE N.R.,302,20,20,25457.84,23,1.6267656,0.18441145,0.36423841059602646,0.1133608,0.1
3410064306,27,beer,MILLER,LIGHT,24/12O,"MILLER LITE ""ICE""",145,19,9,10586.851,7,1.3243152,0.052439913,0.7172413793103448,0.039597757,0.048013245033112585
3410064505,27,beer,MILLER,LIGHT,6/12 O,"MILLER LITE ""ICE"" L.",152,19,9,4571.5947,8,1.7787441,0.16181737,0.23684210526315788,0.090972826,0.05033112582781457
3410064528,27,beer,MILLER,LIGHT,12/12O,"MILLER LITE ""ICE"" N.",176,20,9,12818.351,7,1.5677795,0.18513203,0.5795454545454546,0.118085496,0.05827814569536424
3410070505,27,beer,MILLER,UNKNOWN_STYLE,6/12 O,MILLER RESEVER AMBER,542,18,53,3960.487,20,2.0377243,0.27660754,0.1863468634686347,0.13574336,0.17947019867549668
3410078505,27,beer,LEINENKUGEL,UNKNOWN_STYLE,6/12 O,LEINENKUGEL WINTER L,66,9,17,647.3054,7,2.4794605,0.24903968,0.3181818181818182,0.100441076,0.02185430463576159
3410079505,27,beer,LEINENKUGEL,ICE,6/12OZ,LEINENKUGEL ICE,4,2,3,70.26671,2,2.538375,0.26765,0.0,0.10544148,0.0013245033112582781
4006311676,26,imported_beer,KIRIN,LIGHT,6/12OZ,KIRIN LIGHT BEER NR,3,1,3,6.3878818,1,2.3435,0.0,0.0,0.0,0.0009933774834437086
4006311696,26,imported_beer,KIRIN,UNKNOWN_STYLE,6/12 O,KIRIN BEER NR BTL,601,16,151,1954.6919,3,2.4401684,0.06538784,0.0,0.026796445,0.1990066225165563
4006315706,26,imported_beer,KIRIN,UNKNOWN_STYLE,6/12 O,KIRIN DRY BEER NR BT,206,13,91,687.76196,2,2.408478,0.07040835,0.0,0.029233545,0.06821192052980132
4185100104,28,nonalcoholic_beer,TOSELLI,UNKNOWN_STYLE,750 ML,TOSELLI NON-ALCOHOLI,355,17,111,509.25,4,7.4691153,0.6384163,0.37464788732394366,0.08547415,0.11754966887417219
4257205715,28,nonalcoholic_beer,CLAUSTHALER,IMPORT,6/12 O,CLAUSTHALER GERMAN N,284,20,26,1535.2211,2,2.8118436,0.21159007,0.16901408450704225,0.07524958,0.09403973509933775
4327900100,27,beer,COORS,UNKNOWN_STYLE,12/12O,COORS PARTY BALL TAP,169,15,75,834.6832,2,2.4472656,0.11670301,0.0,0.047687106,0.05596026490066225
4948308600,26,imported_beer,HACKER_PSCHORR,DARK,6/12 O,HACKER PSCHORR DARK,23,4,20,61.749523,1,3.7524,0.0,0.0,0.0,0.0076158940397350995
4948318000,26,imported_beer,HACKER_PSCHORR,UNKNOWN_STYLE,6/12 O,HACKER PSCHOOR NR BT,194,11,124,585.55585,1,3.7524,0.0,0.0,0.0,0.06423841059602649
5230000002,27,beer,OLD_MILWAUKEE,LIGHT,6/12 O,OLD MILWAUKEE LIGHT,1438,19,150,5932.2134,21,1.3441656,0.056064848,0.002086230876216968,0.041709777,0.476158940397351
5230000012,27,beer,SCHLITZ,UNKNOWN_STYLE,6/12 O,SCHLITZ BEER,204,4,141,2063.286,5,1.0812559,0.19855012,0.0,0.18362917,0.06754966887417219
5230000022,27,beer,OLD_MILWAUKEE,UNKNOWN_STYLE,6/12 O,OLD MILWAUKEE BEER,2127,19,150,12522.379,27,1.3432809,0.0628065,0.0023507287259050304,0.046756044,0.7043046357615894
5230000026,27,beer,OLD_MILWAUKEE,UNKNOWN_STYLE,32 OZ,OLD MILWAUKEE-REGULA,4,4,1,15.141648,1,1.0461,0.0,0.0,0.0,0.0013245033112582781
5230000027,27,beer,OLD_MILWAUKEE,UNKNOWN_STYLE,40 OZ,OLD MILWAUKEE BEER N,205,3,143,983.0241,3,1.206983,0.041016214,0.0,0.03398243,0.06788079470198675
5230000035,28,nonalcoholic_beer,OLD_MILWAUKEE,NON_ALCOHOLIC,6/12 O,OLD MILWAUKEE N.A. C,1360,19,102,16570.166,13,1.3516728,0.05874126,0.05588235294117647,0.043458197,0.4503311258278146
5230000046,27,beer,SCHLITZ,MALT_BEVERAGE,40 OZ,SCHILTZ MALT LIQUOR,31,2,31,196.36824,7,1.3367548,0.26451308,0.0,0.19787703,0.010264900662251655
5230000047,27,beer,SCHLITZ,MALT_BEVERAGE,40 OZ,SCHLITZ MALT LIQUOR,240,2,147,1009.0488,3,1.5022105,0.05111505,0.0,0.034026556,0.07947019867549669
5230000057,27,beer,SCHLITZ,UNKNOWN_STYLE,40 OZ,SCHLITZ RED BULL NR,136,2,124,380.90704,1,1.5132,0.0,0.0,0.0,0.045033112582781455
5230000201,27,beer,AUGSBURGER_REG,REGULAR,6/12 O,AUGSBURGER REG BEER,2,2,2,4.258588,2,1.73295,0.33212805,1.0,0.19165473,0.0006622516556291391
5230000207,27,beer,AUGSBURGER,DARK,6/12 O,AUGSBURGER DARK BEER,1,1,1,2.129294,1,1.4981,,0.0,,0.00033112582781456954
5230000208,27,beer,AUGSBURGER_REG,REGULAR,6/12 O,AUGSBURGER REG BEER,1081,20,66,22187.244,14,1.7236155,0.1824975,0.5069380203515264,0.10588063,0.3579470198675497
5230000211,27,beer,AUGSBURGER_BEE,LIGHT,6/12 O,AUGSBURGER LIGHT BEE,53,18,8,327.9113,4,1.6363754,0.18454485,0.5471698113207547,0.11277659,0.017549668874172187
5230000214,27,beer,AUGSBURGER,DARK,6/12 O,AUGSBURGER DARK BEER,515,20,46,4720.645,6,1.6948557,0.16931227,0.541747572815534,0.09989775,0.17052980132450332
5230000215,27,beer,AUGSBURGER_BOCK,BOCK,6/12 O,AUGSBURGER BOCK BEER,269,15,53,1567.1604,7,1.7195696,0.16280039,0.5241635687732342,0.09467508,0.0890728476821192
5230000240,27,beer,AUGSBURGER,UNKNOWN_STYLE,6/12OZ,AUGSBURGER GOLDEN,1307,20,71,27489.188,47,1.6982152,0.18765253,0.44912012241775057,0.11049985,0.4327814569536424
5230000242,27,beer,AUGSBURGER,DARK,6/12 O,AUGSBURGER DARK BEER,1116,19,71,12283.897,27,1.6865886,0.18776679,0.482078853046595,0.11132933,0.3695364238410596
5230000243,27,beer,AUGSBURGER_BOCK,BOCK,6/12OZ,AUGSBURGER BOCK,645,17,70,5455.2515,19,1.6806979,0.19087258,0.5116279069767442,0.11356745,0.21357615894039736
5230000350,27,beer,OLD_MILWAUKEE,UNKNOWN_STYLE,6/12 O,OLD MILWAUKEE LONGNE,13,4,12,31.93941,3,1.458377,0.05369614,0.0,0.036819108,0.004304635761589404
5230000540,27,beer,OLD_MILWAUKEE,LIGHT,12/12O,OLD MILWAUKEE LIGHT,1124,18,150,8167.972,14,1.2343738,0.1002637,0.0017793594306049821,0.081226364,0.37218543046357616
5230000966,27,beer,OLD_MILWAUKEE,LIGHT,24/12O,OLD MILWAUKEE LIGHT,2227,20,150,70411.5,36,0.97703797,0.071930215,0.3911091154018859,0.0736207,0.7374172185430463
5230001300,28,nonalcoholic_beer,OLD_MILWAUKEE,NON_ALCOHOLIC,6/12 O,OLD MILWAUKEE N.A. B,464,19,106,2423.1367,6,1.5458682,0.13097306,0.06465517241379311,0.0847246,0.15364238410596026
5230001301,28,nonalcoholic_beer,OLD_MILWAUKEE,NON_ALCOHOLIC,6/12 O,OLD MILWAUKEE N.A. B,112,7,39,745.2529,4,1.4140955,0.045892645,0.0,0.03245371,0.03708609271523179
5230002330,27,beer,OLD_MILWAUKEE,UNKNOWN_STYLE,6/12 O,OLD MILWAUKEE LONGNE,37,8,30,125.62834,3,1.4739946,0.047760047,0.0,0.032401778,0.012251655629139073
5230002540,27,beer,OLD_MILWAUKEE,UNKNOWN_STYLE,12/12O,OLD MILWAUKEE BEER,1738,20,150,16655.338,22,1.2335715,0.09931401,0.0011507479861910242,0.08050933,0.5754966887417219
5230002553,27,beer,OLD_MILWAUKEE,UNKNOWN_STYLE,20/12O,OLD MILWAUKEE,117,11,16,3534.6282,1,0.8439,0.0,0.0,0.0,0.038741721854304634
5230002554,27,beer,OLD_MILWAUKEE,LIGHT,20/12O,OLD MILWAUKEE LIGHT,91,11,20,2406.1023,1,0.84389997,0.0,0.0,0.0,0.030132450331125826
5230002966,27,beer,OLD_MILWAUKEE,UNKNOWN_STYLE,24/12O,OLD MILWAUKEE BEER,2578,20,150,123090.234,55,0.9797376,0.070671454,0.373933281613654,0.07213304,0.8536423841059603
6206701171,26,imported_beer,LABATT,UNKNOWN_STYLE,6/12 O,LABATTS '50' ALE NR,413,13,138,1731.1161,8,2.31047,0.28597197,0.43825665859564167,0.123772204,0.13675496688741723
6206704971,26,imported_beer,LABATT,LIGHT,6/12 O,LABATTS BLUE LIGHT N,711,17,150,3462.2322,10,2.3486197,0.27859184,0.3755274261603376,0.11861939,0.23543046357615893
6206705171,26,imported_beer,LABATT,REGULAR,6/12 O,LABATTS BLUE REG NR,1801,20,150,12028.382,11,2.39384,0.26283965,0.31093836757357024,0.109798335,0.5963576158940397
6821301112,26,imported_beer,MOLSON,UNKNOWN_STYLE,6/12 O,MOLSON EXPORT ALE NR,388,10,141,1415.9805,2,2.5601454,0.11176192,0.03608247422680412,0.04365452,0.12847682119205298
6821302112,26,imported_beer,MOLSON,UNKNOWN_STYLE,6/12 O,MOLSON GOLDEN NR BTL,2609,20,150,36272.527,33,2.3171132,0.31961334,0.33614411651973936,0.13793601,0.8639072847682119
6821302117,26,imported_beer,MOLSON,UNKNOWN_STYLE,12/12O,MOLSON GOLDEN N.R.'S,21,11,3,694.1499,2,1.6749427,0.15371267,0.9523809523809523,0.0917719,0.00695364238410596
6821303112,26,imported_beer,MOLSON,UNKNOWN_STYLE,6/12 O,MOLSON CANADIAN BEER,867,17,147,6183.47,8,2.227976,0.33133066,0.47058823529411764,0.14871374,0.2870860927152318
6821306112,26,imported_beer,MOLSON,LIGHT,6/12 O,MOLSON LIGHT NR BTL,1743,20,150,11751.574,15,2.2601318,0.32821068,0.42053930005737233,0.1452175,0.5771523178807947
6821309112,27,beer,MOLSON,ICE,6/12 O,MOLSON ICE,152,19,9,2333.7063,4,2.3273423,0.33693627,0.3618421052631579,0.14477298,0.05033112582781457
7031033006,27,beer,MICHAEL_SHEAS,UNKNOWN_STYLE,6/12OZ,MICHAEL SHEA'S IRS A,175,18,30,894.30347,2,2.2742577,0.121665716,0.24571428571428572,0.053496893,0.057947019867549666
7089701123,26,imported_beer,FOSTERS,LAGER,6/12 O,FOSTERS LAGER 6PK NR,1715,20,150,7007.507,4,2.9153101,0.07552761,0.0029154518950437317,0.02590723,0.5678807947019867
7089701331,26,imported_beer,FOSTERS,LAGER,25 OZ,FOSTER'S LAGER,2017,19,150,6451.4653,6,3.0654027,0.05738666,0.0,0.018720757,0.6678807947019868
7089716123,26,imported_beer,FOSTERS,LAGER,6/12 O,FOSTERS LAGER 6PK NR,40,4,32,117.11117,1,2.954,0.0,0.0,0.0,0.013245033112582781
7125000019,27,beer,COLT_45,UNKNOWN_STYLE,40 OZ,COLT 45 BEER NR BTL.,122,4,92,1892.7059,4,1.5566959,0.07368687,0.0,0.047335427,0.04039735099337748
7143922033,27,beer,ROLLING_ROCK,UNKNOWN_STYLE,22 OZ,ROLLING ROCK KING SI,10,1,10,10.409884,1,3.0586,0.0,0.0,0.0,0.0033112582781456954
7143934500,27,beer,ROLLING_ROCK,UNKNOWN_STYLE,6/12 O,ROLLING ROCK PREM BE,1777,16,150,26462.867,27,1.9066528,0.16713892,0.2020258863252673,0.08766091,0.58841059602649
7143934806,27,beer,ROLLING_ROCK,UNKNOWN_STYLE,6/12 O,ROLLING ROCK PREM BE,709,16,106,9390.1875,15,1.9399693,0.15569603,0.22566995768688294,0.08025696,0.2347682119205298
7199000007,27,beer,COORS,UNKNOWN_STYLE,6/12 O,COORS BEER,279,18,98,740.99426,6,1.7711176,0.068143986,0.0,0.038475133,0.0923841059602649
7199000021,27,beer,COORS,UNKNOWN_STYLE,6/12 O,COORS BEER N.R.BTLS,4,1,4,23.422234,2,1.7095001,0.04699999,0.0,0.027493414,0.0013245033112582781
7199000025,27,beer,COORS,LIGHT,6/12 O,COORS LIGHT BEER N.R,2,2,2,10.646471,2,1.77995,0.0663973,0.0,0.037302904,0.0006622516556291391
7199000027,27,beer,COORS,UNKNOWN_STYLE,6/12 O,COORS BEER,1960,20,150,8953.682,17,1.7462193,0.07520869,0.0,0.04306944,0.6490066225165563
7199000028,27,beer,COORS,LIGHT,6/12 O,COORS LIGHT BEER,2414,20,150,15769.552,27,1.7510868,0.07549932,0.0,0.04311569,0.7993377483443709
7199000041,27,beer,COORS,UNKNOWN_STYLE,12/12O,COORS BEER N.R.BTLS,9,1,9,55.361645,2,1.7196333,0.011749983,0.0,0.006832842,0.002980132450331126
7199000047,27,beer,COORS,UNKNOWN_STYLE,12/12O,COORS BEER,2357,20,150,44727.953,40,1.5098186,0.21038629,0.4013576580398812,0.13934541,0.7804635761589404
7199000048,27,beer,COORS,LIGHT,12/12O,COORS LIGHT BEER,2769,20,150,90733.484,64,1.5359886,0.20767714,0.3477789815817985,0.13520747,0.916887417218543
7199009001,27,beer,COORS,UNKNOWN_STYLE,6/12 O,COORS WINTERFEST BEE,276,18,51,1948.3041,6,2.3419857,0.031918835,0.021739130434782608,0.013628962,0.0913907284768212
7199010001,27,beer,COORS,UNKNOWN_STYLE,32 OZ,COORS BEER,1017,16,150,2413.2002,6,1.7979192,0.16044025,0.0,0.08923663,0.33675496688741724
7199010005,27,beer,COORS,REGULAR,661 OZ,COORS REG BEER PARTY,110,16,63,240.44165,7,12.301881,1.468043,0.23636363636363636,0.11933484,0.03642384105960265
7199010006,27,beer,COORS,REGULAR,6/12 O,COORS REGULAR LONGNE,2041,20,150,18211.852,18,1.7294677,0.19118,0.24105830475257226,0.110542685,0.6758278145695364
7199011600,27,beer,COORS,UNKNOWN_STYLE,24/12O,COORS BEER,2599,20,150,99455.07,29,1.3097148,0.083910234,0.4193920738745671,0.064067565,0.8605960264900663
7199030001,27,beer,COORS,LIGHT,32 OZ,COORS LIGHT BEER,943,13,150,1828.354,4,1.8296273,0.09902836,0.0,0.05412488,0.3122516556291391
7199030004,27,beer,COORS,LIGHT,661 OZ,COORS LIGHT BEER PAR,117,15,71,275.62823,5,12.578371,1.4747926,0.19658119658119658,0.1172483,0.038741721854304634
7199030005,27,beer,COORS,LIGHT,6/12 O,COORS LIGHT LONGNECK,2520,20,150,30957.807,32,1.752267,0.18301207,0.20277777777777778,0.10444303,0.8344370860927153
7199031600,27,beer,COORS,LIGHT,24/12O,COORS LIGHT BEER,2773,20,150,179431.36,48,1.313807,0.08363602,0.4114677244861161,0.06365929,0.9182119205298013
7199036400,27,beer,COORS,LIGHT,12/12O,COORS LIGHT BEER N.R,32,2,32,212.92941,3,1.6934625,0.054251876,0.0,0.032036066,0.010596026490066225
7199047006,27,beer,KEYSTONE,REGULAR,24/12O,KEYSTONE REGULAR BEE,1383,19,150,25534.496,19,0.99662274,0.072553694,0.4121475054229935,0.072799556,0.45794701986754965
7199047506,27,beer,KEYSTONE,UNKNOWN_STYLE,24/12O,KEYSTONE DRY BEER,116,8,72,1413.8513,5,0.9952819,0.07114312,0.5603448275862069,0.07148037,0.038410596026490065
7199048006,27,beer,KEYSTONE,LIGHT,24/12O,KEYSTONE LIGHT BEER,1649,18,150,38923.496,21,0.9956654,0.069213174,0.37780473013947846,0.06951449,0.5460264900662252
7199070002,27,beer,KILLIANS,AMBER_ALE,6/12 O,KILLIAN'S IRISH RED,2373,20,137,53815.78,50,2.3639274,0.2397232,0.47113358617783396,0.10140887,0.7857615894039736
7199076400,27,beer,KILLIANS,UNKNOWN_STYLE,12/12O,KILLIAN'S RED NR 12O,70,6,27,698.40845,2,2.332427,0.117522925,0.0,0.05038654,0.023178807947019868
7199077005,28,nonalcoholic_beer,COORS,UNKNOWN_STYLE,6/12 O,COORS CUTTER NON-ALC,2236,20,132,23873.646,14,1.7124323,0.17503229,0.3667262969588551,0.102212675,0.7403973509933774
7199077603,27,beer,ZIMA,UNKNOWN_STYLE,6/12 O,ZIMA CLEARMALT L.N.N,171,20,9,13318.734,11,2.2619374,0.11092283,0.3508771929824561,0.049038857,0.05662251655629139
7199090002,27,beer,COORS,UNKNOWN_STYLE,24/12O,COORS EXTRA GOLD BEE,1202,18,150,24844.604,17,1.2998621,0.08369382,0.42845257903494177,0.06438669,0.3980132450331126
7199090014,27,beer,COORS,UNKNOWN_STYLE,6/12 O,COORS EXTRA GOLD BEE,772,13,150,3336.6038,7,1.7804351,0.06772091,0.0,0.03803616,0.2556291390728477
7199091200,27,beer,COORS,UNKNOWN_STYLE,6/12 O,COORS EXTRA GOLD BEE,550,14,144,1728.9867,9,1.7331413,0.06870933,0.0,0.03964439,0.18211920529801323
7199091400,27,beer,COORS,UNKNOWN_STYLE,12/12O,COORS EXTRA GOLD BEE,895,17,149,10740.159,16,1.4762021,0.20117643,0.45027932960893857,0.13627973,0.29635761589403975
7204000002,27,beer,STROHS,LIGHT,6/12 O,STROHS LIGHT BEER,1811,20,149,8191.394,18,1.4208211,0.053892225,0.0,0.03793034,0.5996688741721854
7204000006,27,beer,STROHS,UNKNOWN_STYLE,32 OZ,STROHS BEER N.R.BTLS,785,13,150,2099.011,7,1.6670184,0.05030441,0.0,0.030176276,0.2599337748344371
7204000007,27,beer,STROHS,UNKNOWN_STYLE,6/16 O,STROHS BEER,93,2,76,437.2151,4,1.5339634,0.112616904,0.0,0.07341564,0.030794701986754967
7204000009,27,beer,STROHS,UNKNOWN_STYLE,6/12 O,STROHS BEER,2262,20,150,17519.832,21,1.4207135,0.0547757,0.0,0.038555063,0.7490066225165563
7204001110,27,beer,STROHS,UNKNOWN_STYLE,8/12 O,STROH'S BEER,311,13,32,3301.8254,8,1.1248904,0.044211745,0.0,0.039303157,0.10298013245033112
7204001111,27,beer,STROHS,UNKNOWN_STYLE,15/120,STROHS BEER,6,3,5,69.20206,3,1.1096166,0.138218,0.3333333333333333,0.12456374,0.001986754966887417
7204001112,27,beer,STROHS,LIGHT,8/12 O,STROH'S LIGHT,212,13,32,1328.6796,7,1.1246128,0.045330904,0.0,0.04030801,0.07019867549668875
7204001113,27,beer,STROHS,UNKNOWN_STYLE,15/120,STROHS BEER,2969,20,150,182837.16,44,1.0691812,0.08215572,0.3267093297406534,0.07683985,0.983112582781457
7204001122,27,beer,STROHS,REGULAR,6/12 O,STROHS REG LONGNECK,2484,20,150,24497.53,29,1.4146949,0.07332399,0.045491143317230275,0.051830247,0.8225165562913908
7204001123,27,beer,STROHS,LIGHT,6/12 O,STROHS LIGHT LONGNEC,1671,20,150,8191.394,15,1.4102385,0.07774981,0.05685218432076601,0.055132385,0.5533112582781456
7204001151,27,beer,STROHS,UNKNOWN_STYLE,8/7OZ,STROHS BEER N.R.BTLS,101,4,57,301.41342,3,1.8783585,0.03655756,0.0,0.019462503,0.033443708609271525
7204004441,27,beer,STROHS,LIGHT,15/120,STROHS LIGHT BEER,16,7,7,186.31323,3,1.0548375,0.11423596,0.4375,0.108297214,0.005298013245033113
7204004443,27,beer,STROHS,LIGHT,15/120,STROHS LIGHT BEER,2811,20,150,96760.445,34,1.0671389,0.082729645,0.3265741728922092,0.07752472,0.930794701986755
7204031232,27,beer,STROHS,UNKNOWN_STYLE,30/12O,STROH'S,369,20,22,16640.434,12,1.0138735,0.04565028,0.4010840108401084,0.04502562,0.12218543046357616
7204031310,27,beer,STROHS,UNKNOWN_STYLE,24/12O,STROHS BEER,2347,20,150,140857.06,26,1.15474,0.090702154,0.4098849595227951,0.07854769,0.7771523178807948
7204031313,27,beer,STROHS,LIGHT,30/12O,STROH'S DRAFT LIGHT,1,1,1,10.646471,1,1.0323,,0.0,,0.00033112582781456954
7204061321,27,beer,STROHS,LIGHT,24/12O,STROHS LIGHT BEER,2023,20,146,59977.957,12,1.1471827,0.089857064,0.4369747899159664,0.07832847,0.6698675496688742
7204061328,27,beer,STROHS,LIGHT,30/12O,STROHS LIGHT BEER,331,20,49,8730.105,14,1.009046,0.05263455,0.40483383685800606,0.05216269,0.10960264900662252
7231111201,26,imported_beer,WHITBREAD,UNKNOWN_STYLE,4/12 O,WHITBREAD ALE NR BTL,6,2,6,17.034353,1,3.5152,0.0,0.0,0.0,0.001986754966887417
7231113001,26,imported_beer,PILSNER_URQUELL,PILSNER,6/12 O,PILSNER URQUELL NR B,35,10,31,83.042465,2,3.36734,0.07003443,0.0,0.020798145,0.011589403973509934
7231113003,26,imported_beer,FOSTERS,LAGER,25 OZ,FOSTER'S LAGER,75,3,68,177.44116,2,3.064936,0.1108321,0.0,0.03616131,0.024834437086092714
7231163001,26,imported_beer,PILSNER_URQUELL,PILSNER,6/12 O,PILSNER URQUELL NR B,394,12,149,1667.2372,2,3.3875809,0.061597276,0.0,0.018183263,0.1304635761589404
7231163006,26,imported_beer,FOSTERS,LAGER,6/12 O,FOSTERS LAGER 6PK NR,20,8,19,53.23235,2,2.935215,0.08400907,0.0,0.028621098,0.006622516556291391
7231163009,26,imported_beer,MOOSEHEAD,UNKNOWN_STYLE,6/12 O,MOOSEHEAD BEER NR BT,2692,20,150,38966.082,19,2.369066,0.26620838,0.3350668647845468,0.112368494,0.8913907284768212
7231163011,26,imported_beer,DOS_EQUIS,UNKNOWN_STYLE,6/12 O,DOS EQUIS BEER,2072,20,150,11715.376,9,2.702708,0.16890861,0.05791505791505792,0.062496062,0.686092715231788
7231163012,26,imported_beer,DOS_EQUIS,UNKNOWN_STYLE,6/12 O,DOS EQUIS BEER,139,8,94,674.9862,6,2.72121,0.20577607,0.09352517985611511,0.075619325,0.04602649006622517
7231163018,26,imported_beer,MACKESON_BT,STOUT,4/12 O,MACKESON STOUT NR BT,13,2,13,19.873407,1,3.5152,0.0,0.0,0.0,0.004304635761589404
7231163029,28,nonalcoholic_beer,CLAUSTHALER,IMPORT,6/12 O,CLAUSTHALER GERMAN N,1721,20,138,10282.361,15,2.7463033,0.18458642,0.12550842533410808,0.067212686,0.5698675496688742
7231163050,26,imported_beer,MOOSEHEAD,LIGHT,6/12 O,MOOSEHEAD LIGHT NR B,1274,19,150,6541.1914,6,2.2722018,0.27696207,0.47017268445839877,0.1218915,0.42185430463576157
7231193040,26,imported_beer,MOOSEHEAD,UNKNOWN_STYLE,12/12O,MOOSEHEAD BEER NR BT,683,13,150,5825.7485,2,2.168411,0.100990005,0.03074670571010249,0.046573278,0.226158940397351
7248001103,27,beer,SCHAEFER,UNKNOWN_STYLE,24/12O,SCHAEFER BEER CANS,18,4,17,221.4466,2,1.0489779,0.018982463,0.0,0.018096153,0.005960264900662252
7262010105,27,beer,RANIER,DRAFT,20/12O,RANIER DRAFT REGULAR,32,4,27,411.66354,5,1.1213437,0.08188256,0.0,0.07302182,0.010596026490066225
7262010106,27,beer,RANIER_C,LIGHT,20/12O,RANIER DRAFT LIGHT C,16,3,16,134.8553,2,1.1169437,0.07218978,0.0,0.06463153,0.005298013245033113
7272001431,27,beer,CARLINGS_BLK,UNKNOWN_STYLE,6/12 O,CARLINGS BLK LABEL R,295,3,150,4190.4507,3,1.197122,0.037919313,0.0,0.031675395,0.09768211920529801
7272001435,27,beer,CARLINGS_BLK,UNKNOWN_STYLE,24/12O,CARLINGS BLK LABEL R,36,3,36,459.92755,5,1.0496,0.07181065,0.0,0.068417154,0.011920529801324504
7278300100,27,beer,ANCHOR,UNKNOWN_STYLE,6/12 O,ANCHOR STEAM BEER NR,75,3,63,668.5983,1,2.954,0.0,0.0,0.0,0.024834437086092714
7278300300,27,beer,ANCHOR,UNKNOWN_STYLE,6/12 O,ANCHOR STEAM ALE NR,28,1,28,127.757645,1,2.954,0.0,0.0,0.0,0.009271523178807948
7289000007,26,imported_beer,HEINEKEN,UNKNOWN_STYLE,21.6 O,HEINEKEN KINGSIZE N.,282,14,31,878.9726,1,3.1153,0.0,0.0,0.0,0.09337748344370861
7289000011,26,imported_beer,HEINEKEN,UNKNOWN_STYLE,6/12 O,HEINEKEN BEER N.R.BT,2954,20,150,71882.84,53,2.8534558,0.24606283,0.1814488828706838,0.08623327,0.9781456953642385
7289000012,26,imported_beer,HEINEKEN,DARK,6/12 O,HEINEKEN DARK BEER N,1201,20,150,5299.813,13,2.7540903,0.30219162,0.32556203164029973,0.109724656,0.397682119205298
7289000016,26,imported_beer,HEINEKEN,UNKNOWN_STYLE,12/12O,HEINEKEN NR BTLS.,1705,20,150,29354.45,18,2.8217208,0.23084767,0.15894428152492668,0.08181095,0.5645695364238411
7289010011,26,imported_beer,AMSTEL,LIGHT,6/12 O,AMSTEL LIGHT BEER NR,2222,20,150,17302.645,21,2.8197546,0.26967826,0.22772277227722773,0.095638916,0.7357615894039735
7289010016,27,beer,AMSTEL,LIGHT,12/12O,AMSTEL LIGHT BEER NR,751,20,148,5740.5767,9,2.7851462,0.26568967,0.2210386151797603,0.09539523,0.24867549668874173
7336010122,27,beer,WINDY_CITY,UNKNOWN_STYLE,6/12 O,WINDY CITY ALE NR 6P,182,12,49,726.08923,3,2.4338076,0.11717531,0.0,0.048144855,0.06026490066225165
7336011107,27,beer,OLD_STYLE,DRAFT,6/12 O,OLD STYLE DRAFT LNNR,168,19,30,623.8831,5,1.8109738,0.136573,0.13690476190476192,0.07541413,0.05562913907284768
7336011110,27,beer,OLD_STYLE,DRAFT,6/12 O,OLD STYLE DRAFT,175,16,30,628.1417,6,1.7973268,0.07878317,0.0,0.043833524,0.057947019867549666
7336011112,27,beer,OLD_STYLE,DRAFT,12/12O,OLD STYLE DRAFT,201,16,27,2154.8457,10,1.4251835,0.22052136,0.7064676616915423,0.1547319,0.06655629139072848
7336011114,27,beer,OLD_STYLE,DRAFT,24/12O,OLD STYLE DRAFT,481,20,30,18848.512,17,1.2329156,0.09266843,0.683991683991684,0.075162016,0.15927152317880794
7336011116,27,beer,OLD_STYLE,DRAFT,12/12O,OLD STYLE DRAFT N.R.,139,17,26,2090.9668,10,1.3625216,0.25844818,0.6618705035971223,0.18968372,0.04602649006622517
7336011209,27,beer,OLD_STYLE,UNKNOWN_STYLE,40 OZ,OLD STYLE BEER N.R.B,1545,14,150,13888.912,13,1.5676192,0.07701739,0.0,0.049130164,0.5115894039735099
7336011214,27,beer,OLD_STYLE,UNKNOWN_STYLE,30/12O,OLD STYLE 30PK CANS,584,20,65,200611.45,19,1.0679137,0.07023668,0.5188356164383562,0.06577,0.19337748344370861
7336011301,27,beer,OLD_STYLE,UNKNOWN_STYLE,24/12O,OLD STYLE BEER,2255,20,150,545840.3,100,1.3038514,0.0927215,0.40221729490022173,0.07111355,0.7466887417218543
7336011341,27,beer,OLD_STYLE,UNKNOWN_STYLE,12/12O,OLD STYLE BEER,2845,20,150,97508.9,61,1.6667116,0.12880222,0.08787346221441125,0.077279255,0.9420529801324503
7336011356,27,beer,OLD_STYLE,UNKNOWN_STYLE,24/16O,OLD STYLE PARTY PACK,350,20,53,95028.98,33,0.987524,0.06655059,0.5085714285714286,0.067391366,0.11589403973509933
7336011358,28,nonalcoholic_beer,O_S,UNKNOWN_STYLE,6/12 O,O S RYL AMBR N.R. NO,884,20,61,6866.9736,15,1.7173916,0.20087382,0.3721719457013575,0.11696448,0.29271523178807946
7336011370,27,beer,OLD_STYLE,UNKNOWN_STYLE,20/12O,OLD STYLE CAN,320,20,38,17112.428,9,1.1215044,0.022221513,0.015625,0.019814022,0.10596026490066225
7336011372,27,beer,OLD_STYLE,UNKNOWN_STYLE,30/12O,OLD STYLE 30PK CANS,584,20,43,328773.66,24,1.0228724,0.097670116,0.5753424657534246,0.09548611,0.19337748344370861
7336011401,27,beer,OLD_STYLE,UNKNOWN_STYLE,6/12 O,OLD STYLE CLASSIC DR,682,18,117,2612.6438,10,1.737147,0.06002233,0.0,0.034552246,0.22582781456953643
7336011402,27,beer,OLD_STYLE,UNKNOWN_STYLE,6/12 O,OLD STYLE CLASSIC DR,462,18,114,1332.938,6,1.7453139,0.056322005,0.0,0.032270417,0.15298013245033112
7336011403,27,beer,OLD_STYLE,UNKNOWN_STYLE,12/12O,OLD STYLE CLASSIC DR,523,17,102,3636.8342,7,1.675367,0.08514982,0.04397705544933078,0.050824575,0.17317880794701987
7336011404,27,beer,OLD_STYLE,UNKNOWN_STYLE,12/12O,OLD STYLE CLASSIC DR,340,16,95,2061.1567,5,1.6723791,0.087694585,0.05,0.052437026,0.11258278145695365
7336011405,27,beer,OLD_STYLE,UNKNOWN_STYLE,24/12O,OLD STYLE CLASSIC DR,845,20,81,43778.29,8,1.2418492,0.15051791,0.3337278106508876,0.12120466,0.27980132450331124
7336011406,27,beer,OLD_STYLE,DRAFT,24/12O,OLD STYLE CLSSC DRFT,611,20,88,15467.192,10,1.2336042,0.1516887,0.3502454991816694,0.12296383,0.20231788079470198
7336011411,27,beer,OLD_STYLE,UNKNOWN_STYLE,6/12 O,OLD STYLE CLASSIC DR,1346,20,116,13876.609,11,1.69748,0.1905749,0.3588410104011887,0.112269305,0.4456953642384106
7336011412,27,beer,OLD_STYLE,DRAFT,6/12 O,OLD STYLE CLSC DRAFT,1062,20,115,7825.156,10,1.678031,0.19631194,0.4058380414312618,0.116989456,0.35165562913907283
7336011421,27,beer,OLD_STYLE,UNKNOWN_STYLE,30/12O,OLD STYLE CLASSIC DR,423,20,43,24103.61,10,1.0704892,0.06235822,0.5153664302600472,0.058252078,0.1400662251655629
7336011422,27,beer,OLD_STYLE,UNKNOWN_STYLE,30/12O,OLD STYLE CLASSIC DR,378,19,46,16214.574,6,1.0692849,0.06434289,0.5423280423280423,0.06017376,0.1251655629139073
7336011423,27,beer,OLD_STYLE,UNKNOWN_STYLE,4/12 O,OLD STYLE CLASSIC DR,64,14,19,10554.201,1,0.7679,0.0,0.0,0.0,0.02119205298013245
7336011424,27,beer,OLD_STYLE,UNKNOWN_STYLE,4/12 O,OLD STYLE CLASSIC DR,65,14,23,4480.0347,1,0.7679,0.0,0.0,0.0,0.02152317880794702
7336011425,27,beer,OLD_STYLE,DRAFT,4/12 O,OS CLASSIC DRAFT 4PK,136,13,23,3611.283,1,1.1201,0.0,0.0,0.0,0.045033112582781455
7336011426,27,beer,OLD_STYLE,LIGHT,4/12 O,OS CLASSIC DRFT LT 6,104,13,17,1449.3395,1,1.1201,0.0,0.0,0.0,0.03443708609271523
7336011431,27,beer,OLD_STYLE,UNKNOWN_STYLE,20/12O,OLD STYLE CLASSIC DR,307,19,35,19589.506,14,0.97963774,0.031070592,0.11074918566775244,0.03171641,0.10165562913907285
7336011432,27,beer,OLD_STYLE,UNKNOWN_STYLE,20/12O,OLD STYLE CLASSIC DR,232,17,30,8680.423,9,0.97817284,0.01979756,0.1206896551724138,0.020239327,0.07682119205298013
7336011439,27,beer,OLD_STYLE,UNKNOWN_STYLE,20/12O,OLD STYLE CLASSIC DR,143,15,26,2136.3918,2,1.1247146,0.011782651,0.006993006993006993,0.010476125,0.04735099337748344
7336011440,27,beer,OLD_STYLE,UNKNOWN_STYLE,20/12O,OLD STYLE CLASSIC DR,107,15,26,1455.0177,2,1.1250421,0.006805825,0.009345794392523364,0.006049396,0.03543046357615894
7336011441,27,beer,OLD_STYLE,UNKNOWN_STYLE,30/12,OLD STYLE CLASSIC DR,370,20,38,30725.715,8,1.005626,0.102687836,0.6405405405405405,0.10211335,0.12251655629139073
7336011442,27,beer,OLD_STYLE,UNKNOWN_STYLE,30/12O,OLD STYLE CLASSIC DR,296,19,33,18865.545,11,1.0001254,0.103814386,0.6587837837837838,0.10380137,0.09801324503311258
7336011522,27,beer,OLD_STYLE,ICE,24/12O,OLD STYLE ICE,22,13,3,570.6508,2,1.2689545,0.11815987,0.5909090909090909,0.09311592,0.00728476821192053
7336011524,27,beer,OLD_STYLE,ICE,12/12O,OLD STYLE ICE NR BTL,5,4,2,76.65459,1,1.7823,0.0,0.0,0.0,0.0016556291390728477
7336011528,27,beer,OLD_STYLE,ICE,6/12 O,OLD STYLE ICE LN NR,15,7,3,117.111176,2,1.6734734,0.1940623,0.5333333333333333,0.11596378,0.004966887417218543
7336011638,27,beer,OLD_STYLE,UNKNOWN_STYLE,12/12O,OLD STYLE BEER N.R.B,3,1,3,21.292942,1,1.5944,0.0,0.0,0.0,0.0009933774834437086
7336011661,27,beer,OLD_STYLE,REGULAR,6/12 O,OLD STYLE REG LONG N,2801,20,150,53317.523,43,1.746262,0.17898275,0.22099250267761514,0.10249479,0.9274834437086092
7336011670,27,beer,OLD_STYLE,UNKNOWN_STYLE,8/7OZ,OLD STYLE BEER,963,16,118,3588.8071,3,2.1079729,0.08513883,0.0,0.040388957,0.31887417218543046
7336011751,27,beer,OLD_STYLE,UNKNOWN_STYLE,6/12 O,OLD STYLE BEER,2949,20,150,70388.08,39,1.7530829,0.077340886,0.002034587995930824,0.044117074,0.9764900662251655
7336011754,27,beer,OLD_STYLE,UNKNOWN_STYLE,6/16 O,OLD STYLE BEER,2618,20,150,88098.836,48,1.5342256,0.26153874,0.3292589763177998,0.17046955,0.866887417218543
7336011905,27,beer,OLD_STYLE,UNKNOWN_STYLE,32 OZ,OLD STYLE BEER,1934,18,150,6791.0293,7,1.8378029,0.09178719,0.0,0.04994398,0.6403973509933775
7336011906,27,beer,OLD_STYLE,UNKNOWN_STYLE,12/12O,OLD STYLE BEER N.R.B,1760,20,150,29963.428,27,1.6519828,0.1558376,0.08636363636363636,0.09433367,0.5827814569536424
7336013301,27,beer,SPECIAL_EXPORT,UNKNOWN_STYLE,24/12O,SPECIAL EXPORT CAN,4,3,2,76.65459,1,1.4077,0.0,0.0,0.0,0.0013245033112582781
7336013611,27,beer,SPECIAL_EXPORT,REGULAR,6/12 O,SPECIAL EXPORT REG N,1497,20,89,40761.08,31,1.7856282,0.18816146,0.37808951235804944,0.1053755,0.4956953642384106
7336013670,27,beer,SPECIAL_EXPORT,REGULAR,8/7OZ,SPECIAL EXPORT REG N,173,7,64,478.61804,1,2.047,0.0,0.0,0.0,0.05728476821192053
7336013751,27,beer,SPECIAL_EXPORT,REGULAR,6/12 O,SPECIAL EXPORT REG C,69,4,36,319.3941,2,1.8922783,0.047800113,0.0,0.025260614,0.0228476821192053
7336013752,27,beer,SPECIAL_EXPORT,REGULAR,12/12O,SPECIAL EXPORT REG N,655,18,75,11924.047,13,1.7197491,0.2064741,0.3801526717557252,0.12006059,0.21688741721854304
7336013755,27,beer,SPECIAL_EXPORT,REGULAR,6/12 O,SPECIAL EXPORT REG N,1284,20,77,18135.197,28,1.8472677,0.17368019,0.2219626168224299,0.09402004,0.4251655629139073
7336013757,27,beer,SPECIAL_EXPORT,REGULAR,12/12O,SPECIAL EXPORT REG N,969,19,87,20522.137,28,1.7823844,0.21427387,0.36635706914344685,0.12021754,0.3208609271523179
7336035301,27,beer,OLD_STYLE,UNKNOWN_STYLE,24/12O,OLD STYLE L.A. BEER,418,18,146,7793.217,8,1.3161947,0.1023415,0.03827751196172249,0.0777556,0.13841059602649006
7336035751,27,beer,OLD_STYLE,UNKNOWN_STYLE,6/12 O,OLD STYLE L.A. BEER,271,15,95,1441.5321,9,1.7009679,0.06796608,0.0,0.039957296,0.08973509933774834
7336039751,27,beer,CARLINGS_BLK,UNKNOWN_STYLE,6/12 O,CARLINGS BLK LABEL R,48,1,48,274.67892,1,1.2164,0.0,0.0,0.0,0.015894039735099338
7336043333,28,nonalcoholic_beer,KINGSBURY_ALCOHO,UNKNOWN_STYLE,6/12 O,KINGSBURY NON/ALCOHO,18,6,8,68.137405,1,1.1694,0.0,0.0,0.0,0.005960264900662252
7336043611,28,nonalcoholic_beer,KINGSBURY_ALCOHO,UNKNOWN_STYLE,6/12 O,KINGSBURY NON/ALCOHO,455,15,111,2793.6338,6,1.7221086,0.14444856,0.1076923076923077,0.08387889,0.15066225165562913
7336043668,28,nonalcoholic_beer,KINGSBURY_A,NON_ALCOHOLIC,6/12 O,KINGSBURY N/A LONGNE,599,16,113,3662.3857,9,1.8018762,0.09555614,0.0,0.053031467,0.19834437086092715
7336043751,28,nonalcoholic_beer,KINGSBURY_ALCOHO,UNKNOWN_STYLE,6/12 O,KINGSBURY NON/ALCOHO,242,8,130,1143.4309,8,1.6987855,0.23241562,0.01652892561983471,0.1368128,0.08013245033112583
7336050301,27,beer,SPECIAL_EXPORT,LIGHT,24/12O,SPECIAL EXPORT LIGHT,1,1,1,8.517177,1,1.4077,,0.0,,0.00033112582781456954
7336050611,27,beer,SPECIAL_EXPORT,LIGHT,6/12 O,SPECIAL EXPORT LIGHT,1092,20,81,12062.451,15,1.7506593,0.18196665,0.4139194139194139,0.103941776,0.3615894039735099
7336050660,27,beer,SPECIAL_EXPORT,LIGHT,6/12 O,SPECIAL EXPORT LIGHT,1132,20,86,8945.164,15,1.8385702,0.17690985,0.3215547703180212,0.096221425,0.3748344370860927
7336050662,27,beer,SPECIAL_EXPORT,LIGHT,12/12O,SPECIAL EXPORT LIGHT,388,18,77,3819.9536,9,1.6819286,0.2109153,0.45103092783505155,0.12540086,0.12847682119205298
7336050665,27,beer,SPECIAL_EXPORT,LIGHT,12/12O,SPECIAL EXPORT LIGHT,610,19,87,7269.41,26,1.769487,0.21787795,0.4131147540983607,0.123130575,0.20198675496688742
7336050751,27,beer,SPECIAL_EXPORT,LIGHT,6/12 O,SPECIAL EXPORT LIGHT,19,3,17,51.103054,2,1.9258106,0.06982929,0.0,0.03625969,0.006291390728476821
7336068306,27,beer,OLD_STYLE,UNKNOWN_STYLE,24/12O,OLD STYLE DRY BEER,210,17,35,4028.6245,8,1.2378043,0.083868496,0.05238095238095238,0.06775586,0.0695364238410596
7336068661,27,beer,OLD_STYLE,UNKNOWN_STYLE,6/12 O,OLD STYLE DRY LONGNE,315,20,39,3485.6545,9,1.5797863,0.166587,0.21587301587301588,0.10544907,0.10430463576158941
7336068741,27,beer,OLD_STYLE,UNKNOWN_STYLE,12/12O,OLD STYLE DRY BEER,124,14,33,779.3216,4,1.5998937,0.02263174,0.0,0.014145778,0.04105960264900662
7336068756,27,beer,OLD_STYLE,UNKNOWN_STYLE,6/12 O,OLD STYLE DRY BEER,195,15,41,794.2267,6,1.6780661,0.033538453,0.0,0.019986372,0.06456953642384106
7336077661,27,beer,SPECIAL_EXPORT,DARK,6/12 O,SPECIAL EXPORT DARK,902,20,83,6911.6885,9,1.7240721,0.1792935,0.46674057649667405,0.1039942,0.2986754966887417
7336077663,27,beer,SPECIAL_EXPORT,DARK,6/12 O,SPECIAL EXPORT DARK,776,20,85,4345.889,10,1.8193437,0.18306209,0.375,0.10061985,0.25695364238410595
7336088301,27,beer,CARLINGS_BLK,UNKNOWN_STYLE,24/12O,CARLINGS BLK LABEL L,2,1,2,17.034353,1,1.0555,0.0,0.0,0.0,0.0006622516556291391
7336097102,27,beer,OLD_STYLE,LIGHT,20/12O,OLD STYLE LT BONUS P,200,18,26,4372.1504,3,1.124432,0.012726843,0.02,0.011318465,0.06622516556291391
7336097104,27,beer,OLD_STYLE,LIGHT,30/12O,OLD STYLE LIGHT 30 P,537,20,44,98703.43,15,1.0172663,0.09850747,0.6052141527001862,0.09683549,0.17781456953642383
7336097202,27,beer,OLD_STYLE,UNKNOWN_STYLE,12/12O,OLD STYLE BEER N.R.B,95,18,24,1005.02686,8,1.3488483,0.2634252,0.6631578947368421,0.19529638,0.03145695364238411
7336097301,27,beer,OLD_STYLE,LIGHT,24/12O,OLD STYLE LT BONUS 6,1339,20,127,79269.36,72,1.2819301,0.11195853,0.39581777445855115,0.087335914,0.4433774834437086
7336097305,27,beer,OLD_STYLE,LIGHT,24/12O,OLD STYLE LT BONUS 6,515,20,43,137663.12,12,0.97026044,0.05991628,0.37087378640776697,0.06175278,0.17052980132450332
7336097341,27,beer,OLD_STYLE,LIGHT,12/12O,OLD STYLE LIGHT BEER,1253,20,150,11276.741,21,1.637815,0.14691556,0.12370311252992817,0.08970217,0.4149006622516556
7336097343,27,beer,OLD_STYLE,LIGHT,30/12O,OLD STYLE LIGHT 30 P,523,20,66,67977.72,16,1.0721453,0.06488432,0.4933078393881453,0.060518213,0.17317880794701987
7336097345,27,beer,OLD_STYLE,LIGHT,20/12O,OLD STYLE LT BONUS P,466,20,55,121717.55,31,0.9853648,0.113917,0.2982832618025751,0.11560896,0.1543046357615894
7336097347,27,beer,OLD_STYLE,UNKNOWN_STYLE,16/12O,OLD STYLE BONUS PACK,203,20,21,45254.598,1,0.8788,0.0,0.03940886699507389,0.0,0.06721854304635762
7336097356,27,beer,OLD_STYLE,LIGHT,24/16O,OLD STYLE LIGHT PART,316,20,45,24404.55,23,0.98357624,0.07093475,0.5569620253164557,0.07211922,0.10463576158940398
7336097638,27,beer,OLD_STYLE,LIGHT,12/12O,OLD STYLE LIGHT BEER,4,3,2,17.034351,1,1.5944,0.0,0.0,0.0,0.0013245033112582781
7336097661,27,beer,OLD_STYLE,LIGHT,6/12 O,OLD STYLE LIGHT LONG,1376,20,150,7588.804,17,1.7546787,0.16843033,0.11991279069767442,0.09598927,0.4556291390728477
7336097670,27,beer,OLD_STYLE,LIGHT,8/7OZ,OLD STYLE LIGHT BEER,4,1,4,6.624472,1,1.9866,0.0,0.0,0.0,0.0013245033112582781
7336097751,27,beer,OLD_STYLE,LIGHT,6/12 O,OLD STYLE LIGHT BEER,2019,20,150,10535.747,23,1.7521162,0.07923774,0.0024764735017335313,0.04522402,0.6685430463576159
7336097754,27,beer,OLD_STYLE,LIGHT,6/16 O,OLD STYLE LIGHT BEER,1113,19,150,10865.078,17,1.5002979,0.27005112,0.38005390835579517,0.17999834,0.36854304635761587
7336098621,27,beer,CHAMPALE_PINK,UNKNOWN_STYLE,4/12 O,CHAMPALE PINK N.R.BT,4,1,4,7.0976458,1,2.5995,0.0,0.0,0.0,0.0013245033112582781
7336098671,27,beer,CHAMPALE_EXTRA,UNKNOWN_STYLE,4/12 O,CHAMPALE EXTRA DRY N,2,1,2,4.258588,1,2.5995,0.0,0.0,0.0,0.0006622516556291391
7336098678,27,beer,CHAMPALE_R,UNKNOWN_STYLE,4/12 O,CHAMPALE GOLDEN N R,5,1,5,12.775764,1,2.5995,0.0,0.0,0.0,0.0016556291390728477
7454900020,26,imported_beer,CARTA_BLANCA,UNKNOWN_STYLE,6/12 O,CARTA BLANCA BEER N.,4,2,4,10.646469,2,2.93055,0.027077748,0.0,0.009239817,0.0013245033112582781
7527608060,28,nonalcoholic_beer,MOUSSY,NON_ALCOHOLIC,6/11 O,MOUSSY NON-ALCOHOLIC,134,8,79,394.27432,2,2.7553418,0.107195936,0.0,0.03890477,0.04437086092715232
8066095301,26,imported_beer,PACIFICO_R,UNKNOWN_STYLE,6/12 O,PACIFICO N.R. BOTTLE,3,2,3,10.64647,2,2.7505,0.59651816,0.3333333333333333,0.21687627,0.0009933774834437086
8066095605,26,imported_beer,CORONA,UNKNOWN_STYLE,6/12 O,CORONA EXTRA BEER NR,2958,20,151,60735.984,46,2.6683526,0.24990383,0.19540229885057472,0.09365472,0.9794701986754967
8066095615,26,imported_beer,CORONA,UNKNOWN_STYLE,12/12O,CORONA EXTRA BEER NR,447,20,142,4066.9517,8,2.735061,0.20570421,0.11409395973154363,0.0752101,0.14801324503311258
8066095625,26,imported_beer,CORONA,LIGHT,6/12 O,CORONA EXTRA LIGHT N,2072,20,151,13082.383,16,2.6413813,0.26968375,0.2306949806949807,0.102099515,0.686092715231788
8066095755,26,imported_beer,MODELO,UNKNOWN_STYLE,6/12 O,MODELO ESPECIAL,16,1,16,87.301056,2,2.7544,0.23480001,0.0625,0.08524543,0.005298013245033113
8066095785,26,imported_beer,MODELO,UNKNOWN_STYLE,6/12 O,MODELO NEGRA N.R.BOT,2,1,2,14.90506,2,2.5783,0.7305826,0.5,0.28335825,0.0006622516556291391
8066095935,26,imported_beer,ST_PAULI,UNKNOWN_STYLE,6/12 O,ST PAULI GIRL BEER N,589,19,58,4081.8567,10,2.8464367,0.31018758,0.27843803056027167,0.108973995,0.19503311258278147
8066095945,26,imported_beer,ST_PAULI,UNKNOWN_STYLE,6/12 O,ST PAULI GIRL DK BEE,185,12,53,747.3822,6,2.61388,0.3146057,0.572972972972973,0.12035967,0.061258278145695365
8205410444,26,imported_beer,WARSTEINER,IMPORT,6/12 O,WARSTEINER GERMAN BE,234,18,29,1477.7301,4,2.600195,0.23344475,0.4829059829059829,0.08977971,0.07748344370860927
8205410665,26,imported_beer,WARSTEINER,LIGHT,6/12 O,WARSTEINER LIGHT (GE,120,18,28,430.1174,3,2.57243,0.2347261,0.55,0.09124684,0.039735099337748346
8248800009,26,imported_beer,BECKS,REGULAR,21.6 O,BECKS REGULAR BEER,1493,15,151,3802.0674,1,3.1152997,0.0,0.0,0.0,0.4943708609271523
8248812300,26,imported_beer,BECKS,REGULAR,12/12O,BECK'S REG BEER NR B,224,6,127,1784.3484,1,2.8625,0.0,0.0,0.0,0.07417218543046358
8248812345,26,imported_beer,BECKS,REGULAR,6/12 O,BECK'S REG BEER NR B,2933,20,151,81117.586,35,2.6499157,0.29949045,0.4439140811455847,0.11301886,0.9711920529801324
8248812356,26,imported_beer,BECKS,DARK,6/12 O,BECK'S DARK BEER NR',2398,20,151,22777.059,18,2.6044714,0.29707772,0.5062552126772311,0.11406449,0.7940397350993378
8248812500,26,imported_beer,BECKS,LIGHT,6/12 O,BECK'S LIGHT NR BTLS,127,18,33,651.56396,5,2.5324748,0.26498598,0.29133858267716534,0.104635194,0.04205298013245033
8248812650,26,imported_beer,BECKS,DARK,21 OZ,BECK'S DARK BEER BAM,32,2,31,33.536377,1,3.2043,0.0,0.0,0.0,0.010596026490066225
8248812700,28,nonalcoholic_beer,BECKS,UNKNOWN_STYLE,6/12 O,HAACK-BECK NON-ALCHL,685,19,135,3406.8706,6,2.8129666,0.12727626,0.042335766423357665,0.045246273,0.22682119205298013
8248812830,26,imported_beer,BECKS,LIGHT,6/12 O,BECK'S LIGHT NR BTLS,1777,19,149,12741.696,12,2.6345677,0.3015603,0.4665166010129432,0.11446292,0.58841059602649
8248812910,26,imported_beer,BECKS,UNKNOWN_STYLE,6/12OZ,BECK'S OKTOBERFEST B,98,14,20,987.9925,6,2.9067512,0.15407966,0.0,0.053007517,0.03245033112582781
8328000001,26,imported_beer,GUINNESS,STOUT,16.9 O,GUINESS STOUT,122,10,24,251.89551,1,3.7816,0.0,0.0,0.0,0.04039735099337748
8374100005,26,imported_beer,GROLSCH,UNKNOWN_STYLE,6/12 O,GROLSCH BEER N.R.BTL,1414,20,151,5942.8594,3,3.013621,0.14553653,0.06364922206506365,0.04829291,0.4682119205298013
8374100007,26,imported_beer,GROLSCH,UNKNOWN_STYLE,2/16 O,GROLSCH SWING TOP BE,628,14,151,1002.18787,1,4.2162,0.0,0.0,0.0,0.20794701986754968
8378337521,27,beer,SIERRA_NEVADA,UNKNOWN_STYLE,6/12 O,SIERRA NEVADA PALE A,3,1,3,6.3878818,1,3.048,0.0,0.0,0.0,0.0009933774834437086
8380404468,28,nonalcoholic_beer,SANTE_WHITE,WHEAT,750 ML,SANTE WHITE NON ALCO,264,16,122,280.5,3,6.2342644,0.04657448,0.0,0.007470726,0.08741721854304636
8380404469,28,nonalcoholic_beer,SANTE_SPRKLNG,UNKNOWN_STYLE,750 ML,SANTE SPRKLNG NON AL,242,14,111,275.25,2,8.473688,0.5996461,0.08264462809917356,0.07076565,0.08013245033112583
8380404545,28,nonalcoholic_beer,SANTE_BLUSH,UNKNOWN_STYLE,750 ML,SANTE BLUSH NON ALCO,292,18,130,307.5,4,6.230064,0.050361942,0.0,0.008083696,0.09668874172185431
8382007131,26,imported_beer,BASS,UNKNOWN_STYLE,6/12 O,BASS ALE NR BTLS,2161,20,151,16280.583,5,3.215004,0.28149208,0.2614530310041647,0.08755575,0.7155629139072848
8382007331,26,imported_beer,BASS,UNKNOWN_STYLE,20 OZ,BASS ALE KING SIZE B,5,1,5,8.872061,1,3.3475997,0.0,0.0,0.0,0.0016556291390728477
8382012360,26,imported_beer,GUINNESS,DRAFT,4/15 O,GUINNESS PUB DRAUGHT,1045,17,131,5461.6396,7,3.3260899,0.14215586,0.11674641148325358,0.042739633,0.34602649006622516
8382012393,26,imported_beer,GUINNESS,STOUT,6/12 O,GUINNESS STOUT N.R.B,2163,20,151,17990.406,16,3.4664855,0.35102758,0.21220527045769763,0.10126325,0.7162251655629139
8382023471,26,imported_beer,HARP,LAGER,16.9 O,HARP IRISH LAGER BTL,16,2,10,18.49233,1,3.5815,0.0,0.0,0.0,0.005298013245033113
8382023473,26,imported_beer,HARP,LAGER,6/12 O,HARP LAGER NR BTLS,1604,19,151,8397.936,11,3.1257963,0.24563962,0.27493765586034913,0.078584656,0.5311258278145695
8382056793,26,imported_beer,RED_STRIPE,UNKNOWN_STYLE,6/12 O,RED STRIPE N.R. BTLS,108,15,16,513.15985,2,3.0357962,0.1855108,0.4074074074074074,0.061107792,0.03576158940397351
8382072553,28,nonalcoholic_beer,KALIBER_ALCH,NON_ALCOHOLIC,6/12 O,KALIBER NON-ALCH NR,1732,20,151,10808.297,10,2.3579895,0.20890087,0.19861431870669746,0.08859279,0.5735099337748344
8417324130,27,beer,AUGSBURGER_REG,REGULAR,6/12 O,AUGSBURGER REG BEER,543,20,39,9764.943,10,1.727321,0.18086547,0.2265193370165746,0.10470866,0.17980132450331127
8417325130,27,beer,AUGSBURGER,DARK,6/12 O,AUGSBURGER DARK BEER,509,20,34,4563.077,5,1.7097704,0.18644597,0.2888015717092338,0.10904737,0.16854304635761588
8417327130,27,beer,AUGSBURGER_BEE,LIGHT,6/12 O,AUGSBURGER LIGHT BEE,458,20,53,3298.2766,6,1.6788272,0.19584972,0.4039301310043668,0.11665865,0.15165562913907285
8417330130,27,beer,BERGHOFF_BEE,REGULAR,6/12 O,BERGHOFF REGULAR BEE,2711,20,151,66108.195,55,1.7675784,0.23045543,0.4533382515676872,0.13037919,0.8976821192052981
8417331130,27,beer,BERGHOFF,DARK,6/12 O,BERGHOFF DARK BEER N,2159,20,151,33472.504,47,1.7481127,0.23225409,0.4997684113015285,0.1328599,0.7149006622516556
8417332130,27,beer,BERGHOFF_BOCK,BOCK,6/12 O,BERGHOFF BOCK BEER N,523,14,146,2893.7107,12,2.0006008,0.067745805,0.0,0.03386273,0.17317880794701987
8520000100,28,nonalcoholic_beer,SUTTER_HOME,UNKNOWN_STYLE,750 ML,SUTTER HOME FRE' WHT,850,20,81,1503.75,9,5.9780364,0.7872943,0.4788235294117647,0.13169782,0.2814569536423841
8520000101,28,nonalcoholic_beer,SUTTER_HOME,UNKNOWN_STYLE,750 ML,SUTTER HOME FRE' CHA,679,20,81,1035.75,7,6.829764,0.69030845,0.5169366715758469,0.10107355,0.22483443708609271
8769210012,27,beer,SAMUEL_ADAMS,LAGER,6/12 O,SAMUEL ADAMS LAGER N,2494,20,138,78274.984,46,2.4831889,0.16919301,0.421411387329591,0.06813538,0.8258278145695365
8769210508,27,beer,SAMUEL_ADAMS,UNKNOWN_STYLE,8/12 O,SAMUEL ADAMS WINTER,27,7,10,215.76848,1,3.5188,0.0,0.0,0.0,0.008940397350993378
8769211216,27,beer,SAMUEL_ADAMS,LAGER,21.6 O,SAMUEL ADAMS LAGER K,25,3,19,38.32729,2,3.111532,0.006843412,0.0,0.0021993706,0.008278145695364239
8769230030,27,beer,SAMUEL_ADAMS,UNKNOWN_STYLE,6/12 O,SAMUEL ADAMS BOSTON,25,6,6,223.57588,2,2.4900358,0.14369039,0.44,0.057706155,0.008278145695364239
8769230040,27,beer,SAMUEL_ADAMS,UNKNOWN_STYLE,6/12 O,SAMUEL ADAMS OCTOBER,250,18,47,2365.6458,7,2.5579684,0.12169539,0.212,0.04757502,0.08278145695364239
8769230060,27,beer,SAMUEL_ADAMS,LAGER,6/12 O,SAMUEL ADAMS LAGER N,2,1,2,21.292942,1,2.3435,0.0,1.0,0.0,0.0006622516556291391
8769232022,27,beer,SAMUEL_ADAMS,UNKNOWN_STYLE,22 OZ,SAMUEL ADAMS BOSTON,3,1,3,3.253088,1,3.0586002,0.0,0.0,0.0,0.0009933774834437086
8780000004,27,beer,COORS,UNKNOWN_STYLE,6/10 O,COORS CAN,106,13,17,1256.2836,6,1.3243859,0.08353631,0.4339622641509434,0.063075505,0.035099337748344374
8780000005,27,beer,COORS,LIGHT,6/10 O,COORS LIGHT,129,12,19,1930.56,4,1.3402046,0.08145796,0.34108527131782945,0.060780242,0.04271523178807947
8797501350,26,imported_beer,SAPPORO,DRAFT,6/12 O,SAPPORO DRAFT BEER N,517,18,149,1658.72,1,2.6253,0.0,0.0,0.0,0.17119205298013246
8797502650,26,imported_beer,SAPPORO,DRAFT,22 OZ,SAPPORO DRAFT BEER C,1482,19,151,3708.5208,6,3.1091216,0.34393024,0.08232118758434548,0.110619746,0.49072847682119203
8797511350,26,imported_beer,SAPPORO,UNKNOWN_STYLE,6/12 O,SAPPORO DRY BEER NR,156,13,72,438.63455,1,2.6253,0.0,0.0,0.0,0.051655629139072845
8813040389,27,beer,LITTLE_KINGS,UNKNOWN_STYLE,8/7OZ,LITTLE KINGS CRM ALE,1866,19,151,8404.797,9,2.1653883,0.19127008,0.2341907824222937,0.08833061,0.6178807947019868
8839400017,26,imported_beer,FRANZISKANER_HEFE,WHEAT,16.9 O,FRANZISKANER HEFE-WE,527,5,151,1457.3954,1,3.3814,0.0,0.0,0.0,0.17450331125827814
8873320622,27,beer,POINT_BOCK,BOCK,6/12 O,POINT BOCK BEER,1,1,1,4.258588,1,2.0148,,0.0,,0.00033112582781456954
8873320641,27,beer,POINT_LNNR,UNKNOWN_STYLE,6/12 O,POINT BEER LNNR BTLS,1723,19,138,13772.274,17,1.9054341,0.16078754,0.21358096343586766,0.084383674,0.5705298013245033
8885700060,26,imported_beer,SUNTORY,UNKNOWN_STYLE,6/12 O,SUNTORY DRY BEER NR,21,4,20,44.71517,1,2.5783,0.0,0.0,0.0,0.00695364238410596
8912181002,28,nonalcoholic_beer,ARIEL,NON_ALCOHOLIC,750 ML,ARIEL WHITE NON ALCH,167,12,97,171.75,4,6.4608936,0.7697771,0.2754491017964072,0.11914406,0.05529801324503311
8912183002,28,nonalcoholic_beer,ARIEL,NON_ALCOHOLIC,750 ML,$ARIEL NA CHARDONNAY,192,15,102,212.25,4,9.889441,0.7625894,0.1875,0.07711148,0.06357615894039735
8912184002,28,nonalcoholic_beer,ARIEL,NON_ALCOHOLIC,750 ML,$ARIEL NA WHITE ZINF,488,16,147,534.75,6,8.224365,0.62113655,0.16598360655737704,0.07552395,0.16158940397350993
8912185002,28,nonalcoholic_beer,ARIEL,UNKNOWN_STYLE,750 ML,ARIEL CABERNET SAUVI,423,15,140,525.0,7,10.026375,0.8165824,0.20803782505910165,0.08144343,0.1400662251655629
8920000826,26,imported_beer,TECATE,UNKNOWN_STYLE,6/12 O,TECATE BEER,25,7,20,106.4647,1,2.7192,0.0,0.0,0.0,0.008278145695364239
8928600008,26,imported_beer,TECATE,UNKNOWN_STYLE,6/12 O,TECATE BEER,2,1,2,4.258588,1,2.7192,0.0,0.0,0.0,0.0006622516556291391
8954031104,26,imported_beer,ST_PAULI,UNKNOWN_STYLE,6/12 O,ST PAULI GIRL BEER N,1242,19,126,6864.844,4,2.9412637,0.23537411,0.14814814814814814,0.08002482,0.4112582781456954
8954031108,26,imported_beer,ST_PAULI,UNKNOWN_STYLE,6/12 O,ST PAULI GIRL DK BEE,585,19,130,1961.0797,5,2.8819036,0.2824465,0.2358974358974359,0.09800692,0.19370860927152317
8982600009,26,imported_beer,TECATE,UNKNOWN_STYLE,6/12 O,TECATE BEER CANS,688,16,106,4224.5195,11,2.7505734,0.20582524,0.03488372093023256,0.074829936,0.22781456953642384
8982600041,26,imported_beer,TECATE,UNKNOWN_STYLE,6/12 O,TECATE BEER,93,6,35,325.78198,2,2.7148063,0.04236983,0.0,0.015606944,0.030794701986754967
8982600200,26,imported_beer,CARTA_BLANCA,UNKNOWN_STYLE,6/12 O,CARTA BLANCA BEER N.,24,6,20,57.490936,3,2.89925,0.120463416,0.0,0.041549854,0.007947019867549669
8982650001,26,imported_beer,TECATE,UNKNOWN_STYLE,6/12 O,TECATE N.R. BTLS,544,18,114,2861.7712,5,2.286399,0.32105273,0.0661764705882353,0.14041851,0.18013245033112582
8982660001,26,imported_beer,CARTA_BLANCA,UNKNOWN_STYLE,6/12 O,CARTA BLANCA N.R. BT,11,3,11,29.810116,1,2.954,0.0,0.0,0.0,0.003642384105960265
8982670001,26,imported_beer,BOHEMIA_R,UNKNOWN_STYLE,6/12 O,BOHEMIA N.R. BOTTLES,9,1,9,23.422234,1,3.048,0.0,0.0,0.0,0.002980132450331126
8982690090,26,imported_beer,TECATE,LIGHT,6/12 O,TECATE LIGHT CANS,16,2,13,68.137405,3,2.7095313,0.26868832,0.0,0.099164136,0.005298013245033113
948700005,26,imported_beer,AMSTEL,LIGHT,21.6 O,AMSTEL LIGHT BIER,33,6,11,48.5479,1,3.1153,0.0,0.0,0.0,0.010927152317880795
9893110006,27,beer,BADERBRAU,UNKNOWN_STYLE,6/12 O,BADERBRAU BEER NR BT,2036,18,151,22138.271,29,2.624812,0.27586523,0.38605108055009824,0.105099045,0.6741721854304635
9893110007,27,beer,BADERBRAU,BOCK,6/12 O,BADERBRAU BOCK,46,4,30,174.60211,2,2.6436174,0.09364169,0.08695652173913043,0.0354218,0.015231788079470199
