product_code,category,brand,style,product_size_raw,size_value,size_unit,n_obs,positive_obs,n_stores,global_unique_prices,mean_price,std_price,total_units,promo_rate,coverage,positive_rate,global_price_cv,store_presence,median_within_store_cv,share_stores_with_variation
1111009477,BAG SNACKS,PRIVATE LABEL,PRETZELS,15 OZ,15.0,OZ,5894,5894,76,63,1.2560824,0.19577909,331186.0,0.43909060061079064,0.9942645074224021,1.0,0.15586483,1.0,0.08958059,1.0
1111009497,BAG SNACKS,PRIVATE LABEL,PRETZELS,15 OZ,15.0,OZ,5912,5912,76,66,1.2576421,0.19572479,289107.0,0.44265899864682,0.9973009446693657,1.0,0.15562835,1.0,0.08896963,1.0
1111009507,BAG SNACKS,PRIVATE LABEL,PRETZELS,15 OZ,15.0,OZ,5437,5437,76,74,1.2702446,0.19205579,134039.0,0.356078719882288,0.9171727395411606,1.0,0.15119591,1.0,0.08896889,1.0
1111035398,ORAL HYGIENE PRODUCTS,PRIVATE LABEL,MOUTHWASHES (ANTISEPTIC),1.5 LT,1.5,LT,4369,4369,73,122,3.3440406,0.6527658,11767.0,0.23392080567635615,0.7370107962213225,1.0,0.19520271,0.9605263157894737,0.20767047,1.0
1111038078,ORAL HYGIENE PRODUCTS,PRIVATE LABEL,MOUTHWASHES (ANTISEPTIC),500 ML,500.0,ML,5579,5579,76,142,1.5580835,0.4968357,41666.0,0.4454203262233375,0.9411268556005398,1.0,0.31887618,1.0,0.33934957,1.0
1111038080,ORAL HYGIENE PRODUCTS,PRIVATE LABEL,MOUTHWASHES (ANTISEPTIC),500 ML,500.0,ML,5381,5381,76,143,1.5467695,0.4900215,38156.0,0.4311466270209998,0.9077260458839406,1.0,0.3168032,1.0,0.3275759,1.0
1111085319,COLD CEREAL,PRIVATE LABEL,ALL FAMILY CEREAL,12.25 OZ,12.25,OZ,5919,5919,76,57,1.7631812,0.111797355,126689.0,0.2321338063862139,0.9984817813765182,1.0,0.06340662,1.0,0.06223763,1.0
1111085345,COLD CEREAL,PRIVATE LABEL,ADULT CEREAL,20 OZ,20.0,OZ,5926,5926,76,48,1.7597082,0.109148294,187608.0,0.24569692878839014,0.9996626180836707,1.0,0.06202636,1.0,0.06089318,1.0
1111085350,COLD CEREAL,PRIVATE LABEL,ALL FAMILY CEREAL,18 OZ,18.0,OZ,5919,5919,76,73,2.1504748,0.17960036,224415.0,0.32032437911809425,0.9984817813765182,1.0,0.083516605,1.0,0.08230856,1.0
1111087395,FROZEN PIZZA,PRIVATE LABEL,PIZZA/PREMIUM,32.7 OZ,32.7,OZ,5720,5720,76,235,3.6202762,0.61472076,74013.0,0.2145104895104895,0.9649122807017544,1.0,0.1697994,1.0,0.058186006,1.0
1111087396,FROZEN PIZZA,PRIVATE LABEL,PIZZA/PREMIUM,30.5 OZ,30.5,OZ,5705,5705,76,232,3.6105487,0.60123116,75783.0,0.221034180543383,0.9623819163292847,1.0,0.16652071,1.0,0.0566049,1.0
1111087398,FROZEN PIZZA,PRIVATE LABEL,PIZZA/PREMIUM,29.6 OZ,29.6,OZ,5850,5850,76,224,3.630607,0.5976786,95910.0,0.21487179487179486,0.9868421052631579,1.0,0.16462223,1.0,0.049544092,1.0
1600027527,COLD CEREAL,GENERAL MI,ALL FAMILY CEREAL,12.25 OZ,12.25,OZ,5926,5926,76,155,2.8369522,0.3868197,381461.0,0.19017887276409046,0.9996626180836707,1.0,0.13635044,1.0,0.13548245,1.0
1600027528,COLD CEREAL,GENERAL MI,ALL FAMILY CEREAL,18 OZ,18.0,OZ,5924,5924,76,181,4.1872554,0.5854808,186901.0,0.1174881836596894,0.9993252361673415,1.0,0.13982448,1.0,0.13321277,1.0
1600027564,COLD CEREAL,GENERAL MI,ALL FAMILY CEREAL,12 OZ,12.0,OZ,5927,5927,76,235,2.694024,0.44283438,241590.0,0.4862493673021765,0.9998313090418354,1.0,0.16437654,1.0,0.1575115,1.0
2066200530,FROZEN PIZZA,KING,PIZZA/PREMIUM,13.2 OZ,13.2,OZ,770,770,59,15,6.3728957,0.23050134,2997.0,0.0025974025974025974,0.12989203778677463,1.0,0.03616901,0.7763157894736842,0.037850372,0.0847457627118644
2066200531,FROZEN PIZZA,KING,PIZZA/PREMIUM,13.3 OZ,13.3,OZ,562,562,44,9,6.3543057,0.22105798,2276.0,0.0035587188612099642,0.09480431848852902,1.0,0.03478869,0.5789473684210527,0.0396668,0.045454545454545456
2066200532,FROZEN PIZZA,KING,PIZZA/PREMIUM,14.7 OZ,14.7,OZ,348,348,26,9,6.4793673,0.06188351,957.0,0.0028735632183908046,0.058704453441295545,1.0,0.009550856,0.34210526315789475,0.0015926718,0.0
2840002333,BAG SNACKS,FRITO LAY,PRETZELS,10 OZ,10.0,OZ,4717,4717,69,37,2.8280985,0.16731875,42284.0,0.0449438202247191,0.7957152496626181,1.0,0.05916298,0.9078947368421053,0.05313399,0.7681159420289855
2840004768,BAG SNACKS,FRITO LAY,PRETZELS,16 OZ,16.0,OZ,5707,5707,76,37,2.8256774,0.166019,79391.0,0.06763623620115647,0.9627192982456141,1.0,0.058753695,1.0,0.06404391,0.868421052631579
2840004770,BAG SNACKS,FRITO LAY,PRETZELS,16 OZ,16.0,OZ,5617,5617,76,36,2.8251219,0.16644996,59141.0,0.0678298023856151,0.9475371120107963,1.0,0.058917798,1.0,0.063744694,0.8157894736842105
3000006340,COLD CEREAL,QUAKER,ALL FAMILY CEREAL,13 OZ,13.0,OZ,5766,5766,76,126,2.6952446,0.32903883,91703.0,0.2223378425251474,0.9726720647773279,1.0,0.12208125,1.0,0.11844446,1.0
3000006560,COLD CEREAL,QUAKER,KIDS CEREAL,13 OZ,13.0,OZ,5926,5926,76,70,2.498245,0.20866215,184173.0,0.18731015862301723,0.9996626180836707,1.0,0.0835235,1.0,0.083370574,1.0
3000006610,COLD CEREAL,QUAKER,KIDS CEREAL,14 OZ,14.0,OZ,5914,5914,76,78,2.492905,0.2139994,121260.0,0.20899560365235034,0.997638326585695,1.0,0.08584339,1.0,0.08371883,1.0
31254742725,ORAL HYGIENE PRODUCTS,WARNER,MOUTHWASHES (ANTISEPTIC),500 ML,500.0,ML,5001,5001,75,77,4.101556,0.5499323,19630.0,0.22435512897420515,0.8436234817813765,1.0,0.13407895,0.9868421052631579,0.12512316,0.9866666666666667
31254742735,ORAL HYGIENE PRODUCTS,WARNER,MOUTHWASHES (ANTISEPTIC),1 LT,1.0,LT,5271,5269,76,146,4.710624,0.55424577,26296.0,0.39783722253841775,0.8891700404858299,0.9996205653576171,0.11765867,1.0,0.111957386,1.0
31254742835,ORAL HYGIENE PRODUCTS,WARNER,MOUTHWASHES (ANTISEPTIC),1 LT,1.0,LT,5015,5014,75,136,4.7130694,0.5593949,23149.0,0.37666999002991025,0.8459851551956815,0.9998005982053838,0.11869015,0.9868421052631579,0.112975426,1.0
3500068914,ORAL HYGIENE PRODUCTS,COLGATE,MOUTHWASH/RINSES AND SPRAYS,16 CT,16.0,CT,1061,1061,73,16,7.8118944,0.6365916,1385.0,0.09048067860508954,0.17898110661268557,1.0,0.08149004,0.9605263157894737,0.04031814,0.2054794520547945
3700019521,ORAL HYGIENE PRODUCTS,P & G,MOUTHWASH/RINSES AND SPRAYS,4.2 OZ,4.2,OZ,4755,4754,75,118,2.9101808,0.49659112,23623.0,0.5722397476340694,0.8021255060728745,0.9997896950578339,0.17063926,0.9868421052631579,0.16886327,1.0
3700031613,ORAL HYGIENE PRODUCTS,P & G,MOUTHWASH/RINSES AND SPRAYS,1 LT,1.0,LT,5094,5094,76,105,4.1618924,0.38830268,18943.0,0.25206124852767964,0.8593117408906883,1.0,0.093299545,1.0,0.07888803,0.9868421052631579
3700044982,ORAL HYGIENE PRODUCTS,P & G,MOUTHWASHES (ANTISEPTIC),1 LT,1.0,LT,5114,5114,76,121,5.0759554,0.423423,21570.0,0.4671490027375831,0.8626855600539811,1.0,0.0834174,1.0,0.08522239,1.0
3800031829,COLD CEREAL,KELLOGG,ALL FAMILY CEREAL,18 OZ,18.0,OZ,5856,5856,76,137,3.051964,0.31623465,207190.0,0.20918715846994534,0.9878542510121457,1.0,0.10361677,1.0,0.090283416,1.0
3800031838,COLD CEREAL,KELLOGG,KIDS CEREAL,15 OZ,15.0,OZ,5922,5922,76,188,2.7318423,0.36349726,306625.0,0.32691658223573117,0.9989878542510121,1.0,0.13305938,1.0,0.13251263,1.0
3800039118,COLD CEREAL,KELLOGG,KIDS CEREAL,12.2 OZ,12.2,OZ,5912,5912,76,176,2.8656902,0.3803731,232981.0,0.3159675236806495,0.9973009446693657,1.0,0.1327335,1.0,0.13075104,1.0
4116709428,ORAL HYGIENE PRODUCTS,CHATTEM,MOUTHWASH/RINSES AND SPRAYS,532 ML,532.0,ML,3592,3592,75,41,4.624368,0.3235188,7881.0,0.09020044543429843,0.6059379217273954,1.0,0.06995957,0.9868421052631579,0.060119312,0.9866666666666667
4116709448,ORAL HYGIENE PRODUCTS,CHATTEM,MOUTHWASH/RINSES AND SPRAYS,532 ML,532.0,ML,3909,3909,75,42,4.6319594,0.33088255,9454.0,0.09721156305960604,0.6594129554655871,1.0,0.071434684,0.9868421052631579,0.060904145,0.9866666666666667
4116709565,ORAL HYGIENE PRODUCTS,CHATTEM,MOUTHWASHES (ANTISEPTIC),532 ML,532.0,ML,3367,3367,73,27,4.772094,0.40771836,6762.0,0.23136323136323136,0.5679824561403509,1.0,0.08543804,0.9605263157894737,0.08443119,0.9863013698630136
7027312504,BAG SNACKS,SHULTZ,PRETZELS,12 OZ,12.0,OZ,2201,2201,33,107,1.8047706,0.33964667,41405.0,0.5592912312585189,0.37128879892037786,1.0,0.18819381,0.4342105263157895,0.16808294,1.0
7027316204,BAG SNACKS,SHULTZ,PRETZELS,16 OZ,16.0,OZ,2454,2454,33,113,1.7246373,0.29905477,61683.0,0.5211898940505297,0.4139676113360324,1.0,0.17340155,0.4342105263157895,0.15725134,1.0
7027316404,BAG SNACKS,SHULTZ,PRETZELS,16 OZ,16.0,OZ,2441,2441,33,125,1.735338,0.31393206,59693.0,0.5452683326505531,0.411774628879892,1.0,0.18090543,0.4342105263157895,0.15161574,1.0
7110410455,BAG SNACKS,MKSL,PRETZELS,16 OZ,16.0,OZ,2249,2249,32,53,2.43233,0.18037081,12504.0,0.2965762561138284,0.3793859649122807,1.0,0.07415557,0.42105263157894735,0.074729756,1.0
7110410470,BAG SNACKS,MKSL,PRETZELS,16 OZ,16.0,OZ,2190,2190,32,51,2.430201,0.18025883,11976.0,0.29817351598173514,0.3694331983805668,1.0,0.07417445,0.42105263157894735,0.074441046,1.0
7110410471,BAG SNACKS,MKSL,PRETZELS,16 OZ,16.0,OZ,2033,2033,32,43,2.4276438,0.18083496,7978.0,0.3025086079685194,0.34294871794871795,1.0,0.07448991,0.42105263157894735,0.074435875,1.0
7192100336,FROZEN PIZZA,TOMBSTONE,PIZZA/PREMIUM,29.8 OZ,29.8,OZ,5801,5801,76,179,6.1748405,0.8384757,60492.0,0.3202896052404758,0.9785762483130904,1.0,0.13578905,1.0,0.12544855,1.0
7192100337,FROZEN PIZZA,TOMBSTONE,PIZZA/PREMIUM,32.7 OZ,32.7,OZ,5885,5885,76,207,6.1827507,0.83475214,88577.0,0.3201359388275276,0.9927462887989204,1.0,0.13501307,1.0,0.12283708,1.0
7192100339,FROZEN PIZZA,TOMBSTONE,PIZZA/PREMIUM,28.3 OZ,28.3,OZ,5912,5912,76,199,6.1856904,0.8326045,115146.0,0.3205345060893099,0.9973009446693657,1.0,0.13460171,1.0,0.122315526,1.0
7218063052,FROZEN PIZZA,TONYS,PIZZA/PREMIUM,22.7 OZ,22.7,OZ,5349,5349,76,203,6.079712,0.7660619,46723.0,0.3294073658627781,0.9023279352226721,1.0,0.126003,1.0,0.12765147,1.0
7218063979,FROZEN PIZZA,TONYS,PIZZA/PREMIUM,27.35 OZ,27.35,OZ,4871,4871,74,209,6.0593987,0.7746061,40669.0,0.3301170190925888,0.821693657219973,1.0,0.12783548,0.9736842105263158,0.12809771,1.0
7218063983,FROZEN PIZZA,TONYS,PIZZA/PREMIUM,26.11 OZ,26.11,OZ,4216,4216,73,156,6.050069,0.77544665,29316.0,0.33064516129032256,0.7112010796221323,1.0,0.12817155,0.9605263157894737,0.12957123,1.0
7797502248,BAG SNACKS,SNYDER S,PRETZELS,10 OZ,10.0,OZ,5427,5427,75,104,2.258843,0.26517913,61030.0,0.33112216694306246,0.9154858299595142,1.0,0.117396,0.9868421052631579,0.112223215,0.9866666666666667
7797508004,BAG SNACKS,SNYDER S,PRETZELS,16 OZ,16.0,OZ,4763,4763,76,57,2.7814255,0.22745116,62848.0,0.4205332773462104,0.8034750337381916,1.0,0.08177503,1.0,0.08067496,0.9736842105263158
7797508006,BAG SNACKS,SNYDER S,PRETZELS,16 OZ,16.0,OZ,4972,4972,76,57,2.7814925,0.22658359,55286.0,0.4267900241351569,0.8387314439946019,1.0,0.081461154,1.0,0.08055761,0.9868421052631579
88491201426,COLD CEREAL,POST FOODS,ADULT CEREAL,18 OZ,18.0,OZ,4646,4646,76,107,3.2853658,0.21409307,133554.0,0.11386138613861387,0.7837381916329285,1.0,0.065165676,1.0,0.06127952,1.0
88491201427,COLD CEREAL,POST FOODS,ADULT CEREAL,18 OZ,18.0,OZ,4280,4280,76,122,3.363395,0.26157385,104808.0,0.11214953271028037,0.7219973009446694,1.0,0.07777078,1.0,0.062429637,0.9868421052631579
88491212971,COLD CEREAL,POST FOODS,KIDS CEREAL,11 OZ,11.0,OZ,4044,4044,76,106,2.416417,0.29522917,140916.0,0.20054401582591494,0.6821862348178138,1.0,0.12217642,1.0,0.122165844,1.0
